,title,url,thumbnail,time
0,【FF14/Gaia/蒼天】大きなクジラを倒しました＃ ２１【よなが/#新人Vtuber】,https://youtube.com/watch?v=x7KT9VJeJWk,https://i.ytimg.com/vi/x7KT9VJeJWk/hqdefault.jpg?sqp=-oaymwEcCNACELwBSFXyq4qpAw4IARUAAIhCGAFwAcABBg==&rs=AOn4CLD8ybBYC7HEDl8barMgQhQkWAnWsA,配信予定
1,【ポケモンSV/初見実況】＃１１ 気ままに旅するスカーレット！【よなが/#新人Vtuber】,https://youtube.com/watch?v=Fcvd453tBC4,https://i.ytimg.com/vi/Fcvd453tBC4/hqdefault.jpg?sqp=-oaymwEcCNACELwBSFXyq4qpAw4IARUAAIhCGAFwAcABBg==&rs=AOn4CLAD22_tGANyu0MFkM88I6P4nySAdA,配信予定
2,【ポケモンSV/初見実況】＃１０ 気ままに旅するスカーレット！【よなが/#新人Vtuber】,https://youtube.com/watch?v=0-rIU6rLRRY,https://i.ytimg.com/vi/0-rIU6rLRRY/hqdefault.jpg?sqp=-oaymwEcCNACELwBSFXyq4qpAw4IARUAAIhCGAFwAcABBg==&rs=AOn4CLDyw6MnAX3XQYMEId8QlYPU7a3MDA,5:57:00
3,【FF14/Gaia/蒼天】ハウジング戦争から逃げだして＃ ２０【よなが/#新人Vtuber】,https://youtube.com/watch?v=3tAw0Tp-_nU,https://i.ytimg.com/vi/3tAw0Tp-_nU/hqdefault.jpg?sqp=-oaymwEcCNACELwBSFXyq4qpAw4IARUAAIhCGAFwAcABBg==&rs=AOn4CLB0P_YitQL8-yieFucHPAwpHyOS6w,5:25:32
4,【雑談/free chat】ちょこっと、お酒でも飲みながら【よなが/#新人Vtuber】,https://youtube.com/watch?v=6e4frt6-Iv0&t=6986s,https://i.ytimg.com/vi/6e4frt6-Iv0/hqdefault.jpg?sqp=-oaymwEcCNACELwBSFXyq4qpAw4IARUAAIhCGAFwAcABBg==&rs=AOn4CLBeByWW7vJbYXc9Ww68Glrr-GvByg,2:58:04
5,【Dark and Darker】甘崎家でダンジョンに潜ります【よなが/#新人Vtuber】,https://youtube.com/watch?v=sAYHTLOQG2Y,https://i.ytimg.com/vi/sAYHTLOQG2Y/hqdefault.jpg?sqp=-oaymwEcCNACELwBSFXyq4qpAw4IARUAAIhCGAFwAcABBg==&rs=AOn4CLCSCy_8PtMBrywbmXKGntI-bT5TaA,3:31:11
6,【#良い声歌枠リレー /Singing Stream】20時から！3番手、いきます！【よなが/#新人Vtuber】,https://youtube.com/watch?v=f84rhreYVSA,https://i.ytimg.com/vi/f84rhreYVSA/hqdefault.jpg?sqp=-oaymwEcCNACELwBSFXyq4qpAw4IARUAAIhCGAFwAcABBg==&rs=AOn4CLBornS87icPe_pbSAayVd6E4PREGQ,36:06
7,【Warlander】#甘崎家WIN！【よなが/#新人Vtuber】,https://youtube.com/watch?v=_uQ2sRh8sig,https://i.ytimg.com/vi/_uQ2sRh8sig/hqdefault.jpg?sqp=-oaymwEcCNACELwBSFXyq4qpAw4IARUAAIhCGAFwAcABBg==&rs=AOn4CLChgN90dEs-gU2SfZOkpySxbhHrug,6:30:45
8,【ポケモンSV/初見実況】＃９ 気ままに旅するスカーレット！【よなが/#新人Vtuber】,https://youtube.com/watch?v=NGOZPPU_6HQ,https://i.ytimg.com/vi/NGOZPPU_6HQ/hqdefault.jpg?sqp=-oaymwEcCNACELwBSFXyq4qpAw4IARUAAIhCGAFwAcABBg==&rs=AOn4CLBAdsqybnWNIDvazcG1dk8BxbQYxg,4:33:40
9,【EFT/タルコフ】初心者こそこそ【よなが/#新人Vtuber】,https://youtube.com/watch?v=WEGCT0hX9vk,https://i.ytimg.com/vi/WEGCT0hX9vk/hqdefault.jpg?sqp=-oaymwEcCNACELwBSFXyq4qpAw4IARUAAIhCGAFwAcABBg==&rs=AOn4CLCYD3kEzp1aV5-4NUjqYhFjTtGUIg,2:48:34
10,【LoL】初心者フルパLoL！おしえておしえて～【よなが/#新人Vtuber】,https://youtube.com/watch?v=nJD6w0Z_w0E,https://i.ytimg.com/vi/nJD6w0Z_w0E/hqdefault.jpg?sqp=-oaymwEcCNACELwBSFXyq4qpAw4IARUAAIhCGAFwAcABBg==&rs=AOn4CLAeos1T17v35No-Y5tzJA-f35Suhg,10:58:19
11,【ジャックジャンヌ/初見実況】少女は少年を演じた。Part.13【よなが/#新人Vtuber】,https://youtube.com/watch?v=VIzigJMI4vc,https://i.ytimg.com/vi/VIzigJMI4vc/hqdefault.jpg?sqp=-oaymwEcCNACELwBSFXyq4qpAw4IARUAAIhCGAFwAcABBg==&rs=AOn4CLBlOUFgb4QRypACHQtIHjVJ5jCD9w,3:52:41
12,【ポケモンSV/初見実況】＃８ 気ままに旅するスカーレット！【よなが/#新人Vtuber】,https://youtube.com/watch?v=9afVJ40QxWY,https://i.ytimg.com/vi/9afVJ40QxWY/hqdefault.jpg?sqp=-oaymwEcCNACELwBSFXyq4qpAw4IARUAAIhCGAFwAcABBg==&rs=AOn4CLAX_q82ESC0uNkaJGP9ZFetbCqRbA,2:05:46
13,【EFT/タルコフ】ガチ無知 初心者【よなが/#新人Vtuber】,https://youtube.com/watch?v=1diqSgsxreo,https://i.ytimg.com/vi/1diqSgsxreo/hqdefault.jpg?sqp=-oaymwEcCNACELwBSFXyq4qpAw4IARUAAIhCGAFwAcABBg==&rs=AOn4CLBMQjmkRQjI-r3j5KO2HxOmVvHXyg,6:50:11
14,【ジャックジャンヌ/初見実況】少女は少年を演じた。Part.12【よなが/#新人Vtuber】,https://youtube.com/watch?v=CafH3K_1LY4&t=10s,https://i.ytimg.com/vi/CafH3K_1LY4/hqdefault.jpg?sqp=-oaymwEcCNACELwBSFXyq4qpAw4IARUAAIhCGAFwAcABBg==&rs=AOn4CLCovmlBR07VcD35o5IVgwYnntfZhQ,2:32:21
15,【ジャックジャンヌ/初見実況】少女は少年を演じた。Part.11【よなが/#新人Vtuber】,https://youtube.com/watch?v=8U4MZCna3NU,https://i.ytimg.com/vi/8U4MZCna3NU/hqdefault.jpg?sqp=-oaymwEcCNACELwBSFXyq4qpAw4IARUAAIhCGAFwAcABBg==&rs=AOn4CLDr-oxYvdLbRHZNGYX9I2WpWnC0jg,3:03:27
16,【ジャックジャンヌ/初見実況】少女は少年を演じた。Part.10【よなが/#新人Vtuber】,https://youtube.com/watch?v=MFmONVWkKWw,https://i.ytimg.com/vi/MFmONVWkKWw/hqdefault.jpg?sqp=-oaymwEcCNACELwBSFXyq4qpAw4IARUAAIhCGAFwAcABBg==&rs=AOn4CLA-TrR88AM8RalDtu0aDUWasR5Gnw,2:24:27
17,【ポケモンSV/初見実況】＃７ 気ままに旅するスカーレット！【よなが/#新人Vtuber】,https://youtube.com/watch?v=fHurI3Z5V9Q,https://i.ytimg.com/vi/fHurI3Z5V9Q/hqdefault.jpg?sqp=-oaymwEcCNACELwBSFXyq4qpAw4IARUAAIhCGAFwAcABBg==&rs=AOn4CLB-xH3MdEHFWh5Bz356YGDa1XapkA,2:36:39
18,【ジャックジャンヌ/初見実況】少女は少年を演じた。Part.9【よなが/#新人Vtuber】,https://youtube.com/watch?v=vVxbhA6-R_8,https://i.ytimg.com/vi/vVxbhA6-R_8/hqdefault.jpg?sqp=-oaymwEcCNACELwBSFXyq4qpAw4IARUAAIhCGAFwAcABBg==&rs=AOn4CLD8jAtpAgN3jWntc4_T6_4i7ZIz7Q,6:13:24
19,【ジャックジャンヌ/初見実況】少女は少年を演じた。Part.8【よなが/#新人Vtuber】,https://youtube.com/watch?v=asjKaN5Mw78,https://i.ytimg.com/vi/asjKaN5Mw78/hqdefault.jpg?sqp=-oaymwEcCNACELwBSFXyq4qpAw4IARUAAIhCGAFwAcABBg==&rs=AOn4CLBEnCzyikdQtSF64ZsxN8gdrAXGEA,2:37:07
20,【SEKIRO/初見実況】 はじめてのSEKIRO！＃６【よなが/#新人Vtuber】,https://youtube.com/watch?v=jaEf-Ggodjw,https://i.ytimg.com/vi/jaEf-Ggodjw/hqdefault.jpg?sqp=-oaymwEcCNACELwBSFXyq4qpAw4IARUAAIhCGAFwAcABBg==&rs=AOn4CLAOTn0ZMXOn_amvKfaOe_8e0VX81Q,3:55:05
21,【SEKIRO/初見実況】 はじめてのSEKIRO！＃５【よなが/#新人Vtuber】,https://youtube.com/watch?v=gyisy5U2zAM,https://i.ytimg.com/vi/gyisy5U2zAM/hqdefault.jpg?sqp=-oaymwEcCNACELwBSFXyq4qpAw4IARUAAIhCGAFwAcABBg==&rs=AOn4CLAadCX-L5vPnN_6aX0It0Y3YyAnIg,4:43:59
22,【近くアモアス！/コラボ】 誰も近寄らないでください！！！【よなが/#新人Vtuber】,https://youtube.com/watch?v=3_BuCTwC3MU,https://i.ytimg.com/vi/3_BuCTwC3MU/hqdefault.jpg?sqp=-oaymwEcCNACELwBSFXyq4qpAw4IARUAAIhCGAFwAcABBg==&rs=AOn4CLDGa4dg71M8r6sfmeWx752nZsna3g,2:12:24
23,【SEKIRO/初見実況】 はじめてのSEKIRO！＃４【よなが/#新人Vtuber】,https://youtube.com/watch?v=06mnOvAVHMI,https://i.ytimg.com/vi/06mnOvAVHMI/hqdefault.jpg?sqp=-oaymwEcCNACELwBSFXyq4qpAw4IARUAAIhCGAFwAcABBg==&rs=AOn4CLClDaL7cAnhAt1VbDsHadiHf4XChA,6:03:18
24,【SEKIRO/初見実況】 はじめてのSEKIRO！＃３【よなが/#新人Vtuber】,https://youtube.com/watch?v=SILhuV1VdwA,https://i.ytimg.com/vi/SILhuV1VdwA/hqdefault.jpg?sqp=-oaymwEcCNACELwBSFXyq4qpAw4IARUAAIhCGAFwAcABBg==&rs=AOn4CLAp6E6t9EZA2W8GhtoSJkZB7q9ogw,9:54:03
25,【SEKIRO/初見実況】 はじめてのSEKIRO！＃２【よなが/#新人Vtuber】,https://youtube.com/watch?v=15mElOhgvb4,https://i.ytimg.com/vi/15mElOhgvb4/hqdefault.jpg?sqp=-oaymwEcCNACELwBSFXyq4qpAw4IARUAAIhCGAFwAcABBg==&rs=AOn4CLA0q_wL1xVlRbwAYECSisXHONQFzw,9:56:09
26,【SEKIRO/初見実況】 はじめてのSEKIRO！【よなが/#新人Vtuber】,https://youtube.com/watch?v=1YSlyQJm_Bc,https://i.ytimg.com/vi/1YSlyQJm_Bc/hqdefault.jpg?sqp=-oaymwEcCNACELwBSFXyq4qpAw4IARUAAIhCGAFwAcABBg==&rs=AOn4CLD96L9ZVXL-QZI1pp4Wi9FBF8IVAg,9:40:15
27,【ポケモンSV/初見実況】＃６ 気ままに旅するスカーレット！【よなが/#新人Vtuber】,https://youtube.com/watch?v=1M8NoQ_GMq8,https://i.ytimg.com/vi/1M8NoQ_GMq8/hqdefault.jpg?sqp=-oaymwEcCNACELwBSFXyq4qpAw4IARUAAIhCGAFwAcABBg==&rs=AOn4CLDtm1sFqtGI_vqBghntA98cIFZyCg,8:02:50
28,【ポケモンSV/初見実況】＃５ 気ままに旅するスカーレット！【よなが/#新人Vtuber】,https://youtube.com/watch?v=fUa6mm7H6oc,https://i.ytimg.com/vi/fUa6mm7H6oc/hqdefault.jpg?sqp=-oaymwEcCNACELwBSFXyq4qpAw4IARUAAIhCGAFwAcABBg==&rs=AOn4CLC9SCMq2o_wsdcBtklH24a_LfV0MA,4:08:01
29,【ポケモンSV/初見実況】＃４ 気ままに旅するスカーレット！【よなが/#新人Vtuber】,https://youtube.com/watch?v=7zG4w_NbIH4,https://i.ytimg.com/vi/7zG4w_NbIH4/hqdefault.jpg?sqp=-oaymwEcCNACELwBSFXyq4qpAw4IARUAAIhCGAFwAcABBg==&rs=AOn4CLDYYkArL1LkVaOy7IpEDmjVP8IFfQ,10:12:56
30,【ジャックジャンヌ/初見実況】少女は少年を演じた。Part.7【よなが/#新人Vtuber】,https://youtube.com/watch?v=hWBftCox42U,https://i.ytimg.com/vi/hWBftCox42U/hqdefault.jpg?sqp=-oaymwEcCNACELwBSFXyq4qpAw4IARUAAIhCGAFwAcABBg==&rs=AOn4CLD30gQx4rdq95i3m3xjd8_F2QQcTw,4:50:38
31,【ポケモンSV/初見実況】＃３ 気ままに旅するスカーレット！【よなが/#新人Vtuber】,https://youtube.com/watch?v=ih-vtNXcd24,https://i.ytimg.com/vi/ih-vtNXcd24/hqdefault.jpg?sqp=-oaymwEcCNACELwBSFXyq4qpAw4IARUAAIhCGAFwAcABBg==&rs=AOn4CLDAu7FbVLB434pHKvVzSxJhEIJlmA,4:35:26
32,【ポケモンSV/初見実況】＃２ 気ままに旅するスカーレット！【よなが/#新人Vtuber】,https://youtube.com/watch?v=3OufYwbQBpw,https://i.ytimg.com/vi/3OufYwbQBpw/hqdefault.jpg?sqp=-oaymwEcCNACELwBSFXyq4qpAw4IARUAAIhCGAFwAcABBg==&rs=AOn4CLBQvBavg9tsqmhQEPJXCn-LA7gUmg,6:33:20
33,【ポケモンSV/初見実況】気ままに旅するスカーレット！【よなが/#新人Vtuber】,https://youtube.com/watch?v=JC_YJy916Tg,https://i.ytimg.com/vi/JC_YJy916Tg/hqdefault.jpg?sqp=-oaymwEcCNACELwBSFXyq4qpAw4IARUAAIhCGAFwAcABBg==&rs=AOn4CLAXJfgP0HVmknifS_OmpayFJx3IYA,4:03:18
34,【ジャックジャンヌ/初見実況】少女は少年を演じた。Part.6【よなが/#新人Vtuber】,https://youtube.com/watch?v=foyepoV6cRM,https://i.ytimg.com/vi/foyepoV6cRM/hqdefault.jpg?sqp=-oaymwEcCNACELwBSFXyq4qpAw4IARUAAIhCGAFwAcABBg==&rs=AOn4CLDojLyB-dN1cHPA8_-8b4dqHHt8HQ,3:23:38
35,【ジャックジャンヌ/初見実況】少女は少年を演じた。Part.5【よなが/#新人Vtuber】,https://youtube.com/watch?v=AVnu4iGBdLU,https://i.ytimg.com/vi/AVnu4iGBdLU/hqdefault.jpg?sqp=-oaymwEcCNACELwBSFXyq4qpAw4IARUAAIhCGAFwAcABBg==&rs=AOn4CLDuhf-vR5b7T0DavcQV-6mICo7pMQ,2:48:25
36,【FF14/Gaia/蒼天】モグコレ期間のお供に！＃ １９ 【よなが/#新人Vtuber】,https://youtube.com/watch?v=Da65N1R7MNE,https://i.ytimg.com/vi/Da65N1R7MNE/hqdefault.jpg?sqp=-oaymwEcCNACELwBSFXyq4qpAw4IARUAAIhCGAFwAcABBg==&rs=AOn4CLDjikAjkMQehbLC1A0o2JRnrJQQIw,2:00:09
37,【ジャックジャンヌ/初見実況】少女は少年を演じた。Part.4【よなが/#新人Vtuber】,https://youtube.com/watch?v=JMN9I5gD2Zw,https://i.ytimg.com/vi/JMN9I5gD2Zw/hqdefault.jpg?sqp=-oaymwEcCNACELwBSFXyq4qpAw4IARUAAIhCGAFwAcABBg==&rs=AOn4CLDNwOTHxsuAkGDRudTcPUzquyOxxw,4:19:19
38,【ジャックジャンヌ/初見実況】少女は少年を演じた。Part.3【よなが/#新人Vtuber】,https://youtube.com/watch?v=yVUW7xCdQuw,https://i.ytimg.com/vi/yVUW7xCdQuw/hqdefault.jpg?sqp=-oaymwEcCNACELwBSFXyq4qpAw4IARUAAIhCGAFwAcABBg==&rs=AOn4CLA6MGs3HSoiDYQeSh1nwn82lIWrtw,2:19:38
39,【ジャックジャンヌ/初見実況】少女は少年を演じた。Part.2【よなが/#新人Vtuber】,https://youtube.com/watch?v=B078hGV61aI,https://i.ytimg.com/vi/B078hGV61aI/hqdefault.jpg?sqp=-oaymwEcCNACELwBSFXyq4qpAw4IARUAAIhCGAFwAcABBg==&rs=AOn4CLCub3g8uaDHo_2CpCepXSdmdKxrOw,4:33:24
40,【FF14/Gaia/蒼天】次のメインクエ……、なんだ？＃ １８ 【よなが/#新人Vtuber】,https://youtube.com/watch?v=eFQ-zudxf6Y,https://i.ytimg.com/vi/eFQ-zudxf6Y/hqdefault.jpg?sqp=-oaymwEcCNACELwBSFXyq4qpAw4IARUAAIhCGAFwAcABBg==&rs=AOn4CLAJpnIGN8jgjZprxiJqm-w4ZBTyVg,2:05:18
41,【ジャックジャンヌ/初見実況】少女は少年を演じた。Part.1【よなが/#新人Vtuber】,https://youtube.com/watch?v=gYRBWVKUKJ4,https://i.ytimg.com/vi/gYRBWVKUKJ4/hqdefault.jpg?sqp=-oaymwEcCNACELwBSFXyq4qpAw4IARUAAIhCGAFwAcABBg==&rs=AOn4CLDT0BvH8r0cnWgW0pX8XV-8B9itoA,2:41:06
42,【FF14/Gaia/蒼天】蒼天編を進めて行きます！＃ １７  【よなが/#新人Vtuber】,https://youtube.com/watch?v=mk-AyjOIAr4,https://i.ytimg.com/vi/mk-AyjOIAr4/hqdefault.jpg?sqp=-oaymwEcCNACELwBSFXyq4qpAw4IARUAAIhCGAFwAcABBg==&rs=AOn4CLCL8VYH1XYwE_Wu81wt01Bh4lwBAA,2:13:16
43,【FF14/Gaia/蒼天】今日から蒼天編！＃ １６  【よなが/#新人Vtuber】,https://youtube.com/watch?v=pUtfpOJkUAU,https://i.ytimg.com/vi/pUtfpOJkUAU/hqdefault.jpg?sqp=-oaymwEcCNACELwBSFXyq4qpAw4IARUAAIhCGAFwAcABBg==&rs=AOn4CLAWnwTcdex3XHmTaNpZCu4g-VD6Yg,8:48:56
44,【♯6】Hollow Knight 【よなが/#新人Vtuber】,https://youtube.com/watch?v=5OMtAp6pILI,https://i.ytimg.com/vi/5OMtAp6pILI/hqdefault.jpg?sqp=-oaymwEcCNACELwBSFXyq4qpAw4IARUAAIhCGAFwAcABBg==&rs=AOn4CLAe2ZLuM7N5ybrnLLZ4zeZybyC1-w,2:48:20
45,【FF14/Gaia/新生】大迷宮バハムート！ with 伊鞠七ツ海【よなが/#新人Vtuber】,https://youtube.com/watch?v=bYN_Z6xSIOA,https://i.ytimg.com/vi/bYN_Z6xSIOA/hqdefault.jpg?sqp=-oaymwEcCNACELwBSFXyq4qpAw4IARUAAIhCGAFwAcABBg==&rs=AOn4CLB9w_IoW5pAbs_8T1etsQ1hJRyvWQ,4:24:12
46,【♯5】Hollow Knight 【よなが/#新人Vtuber】,https://youtube.com/watch?v=AzKBmgAckbw,https://i.ytimg.com/vi/AzKBmgAckbw/hqdefault.jpg?sqp=-oaymwEcCNACELwBSFXyq4qpAw4IARUAAIhCGAFwAcABBg==&rs=AOn4CLAW9wPX9uD6-Iiuq_IDeKDcCvO3Ww,2:23:23
47,【MINDHACK】悪人の頭の中をお花畑に！【よなが/#新人Vtuber】,https://youtube.com/watch?v=OZvlTBxmESA,https://i.ytimg.com/vi/OZvlTBxmESA/hqdefault.jpg?sqp=-oaymwEcCNACELwBSFXyq4qpAw4IARUAAIhCGAFwAcABBg==&rs=AOn4CLCZrg-daO3TQuNAvjzlUIuUKXHxRA,1:04:02
48,【スプラ3/水陣営！】いっちょやりますか【よなが/#新人Vtuber】,https://youtube.com/watch?v=FTGikmC2Ljw,https://i.ytimg.com/vi/FTGikmC2Ljw/hqdefault.jpg?sqp=-oaymwEcCNACELwBSFXyq4qpAw4IARUAAIhCGAFwAcABBg==&rs=AOn4CLCzy09_PP3zmUKQcPFth9wnUFl-gQ,2:37:08
49,【♯4】Hollow Knight 【よなが/#新人Vtuber】,https://youtube.com/watch?v=drUoeR6INkg,https://i.ytimg.com/vi/drUoeR6INkg/hqdefault.jpg?sqp=-oaymwEcCNACELwBSFXyq4qpAw4IARUAAIhCGAFwAcABBg==&rs=AOn4CLD2HrdhmhgUxX6m1WbpDN7qfw_78Q,5:52:56
50,【ホラー/MaidofSker】音を出したら終わり -後編-【よなが/#新人Vtuber】,https://youtube.com/watch?v=c-lfZnrOyGE,https://i.ytimg.com/vi/c-lfZnrOyGE/hqdefault.jpg?sqp=-oaymwEcCNACELwBSFXyq4qpAw4IARUAAIhCGAFwAcABBg==&rs=AOn4CLDWgZtaG64kM42cvomXXGdWME0i7A,2:24:03
51,【雑談？ショッピング】おい！アマゾンでプレゼント探すぞ！【よなが/#新人Vtuber】,https://youtube.com/watch?v=Aew2Y6GrG9s,https://i.ytimg.com/vi/Aew2Y6GrG9s/hqdefault.jpg?sqp=-oaymwEcCNACELwBSFXyq4qpAw4IARUAAIhCGAFwAcABBg==&rs=AOn4CLCTzXsg6t18O0pBl7IjMXQkH0jvfA,1:27:35
52,【FF14/Gaia/新生】＃ １５  新生のその先へ！【よなが/#新人Vtuber】,https://youtube.com/watch?v=uWDK3dmx43Y,https://i.ytimg.com/vi/uWDK3dmx43Y/hqdefault.jpg?sqp=-oaymwEcCNACELwBSFXyq4qpAw4IARUAAIhCGAFwAcABBg==&rs=AOn4CLCApNt2VGAm_62CfaZui1y48Wf2PQ,6:46:18
53,【ホラー/MaidofSker】音を出したら終わり -前編-【よなが/#新人Vtuber】,https://youtube.com/watch?v=VhCX44oq3do,https://i.ytimg.com/vi/VhCX44oq3do/hqdefault.jpg?sqp=-oaymwEcCNACELwBSFXyq4qpAw4IARUAAIhCGAFwAcABBg==&rs=AOn4CLBZJT52rCkWdSWeLG6RZYcCQJk7tg,3:37:18
54,【雑談 / FREE CHAT】harowi-n【よなが/#新人Vtuber】,https://youtube.com/watch?v=ywndPK5chXY,https://i.ytimg.com/vi/ywndPK5chXY/hqdefault.jpg?sqp=-oaymwEcCNACELwBSFXyq4qpAw4IARUAAIhCGAFwAcABBg==&rs=AOn4CLDfuT_3lQepC9M8H0j7aAgI7dBEXA,2:10:36
55,【FF14/Gaia/新生】＃ １４  眠くならないように声をだしながら！【よなが/#新人Vtuber】,https://youtube.com/watch?v=RUo1pV_URmI,https://i.ytimg.com/vi/RUo1pV_URmI/hqdefault.jpg?sqp=-oaymwEcCNACELwBSFXyq4qpAw4IARUAAIhCGAFwAcABBg==&rs=AOn4CLDxcAQQtcCrGfAKphQY4tUMLv1s7w,5:37:27
56,【FF14/Gaia/新生】＃ １３  そろそろ新生もおしまい？【よなが/#新人Vtuber】,https://youtube.com/watch?v=X4m6WLac_Ls,https://i.ytimg.com/vi/X4m6WLac_Ls/hqdefault.jpg?sqp=-oaymwEcCNACELwBSFXyq4qpAw4IARUAAIhCGAFwAcABBg==&rs=AOn4CLDoJN8C57oKrc0KFfWcD5nOmTZo3g,2:25:57
57,もう10月も終わっちゃいますね。/読書/作業/勉強【よなが/#新人Vtuber】,https://youtube.com/watch?v=OCxhO542QC0,https://i.ytimg.com/vi/OCxhO542QC0/hqdefault.jpg?sqp=-oaymwEcCNACELwBSFXyq4qpAw4IARUAAIhCGAFwAcABBg==&rs=AOn4CLAYLxnRTJfzkNHfAdtxyWtV8jdktA,1:05:34
58,【FF14/Gaia/新生】クリスタルタワー攻略！ w/伊鞠七ツ海【よなが/#新人Vtuber】,https://youtube.com/watch?v=pJztLvGvzeg,https://i.ytimg.com/vi/pJztLvGvzeg/hqdefault.jpg?sqp=-oaymwEcCNACELwBSFXyq4qpAw4IARUAAIhCGAFwAcABBg==&rs=AOn4CLCZucSR64KRuL9IOV7vjLXl03HsHA,5:07:32
59,一緒に本を読みましょう。/読書/作業/勉強【よなが/#新人Vtuber】,https://youtube.com/watch?v=zmP1HBFt7OI,https://i.ytimg.com/vi/zmP1HBFt7OI/hqdefault.jpg?sqp=-oaymwEcCNACELwBSFXyq4qpAw4IARUAAIhCGAFwAcABBg==&rs=AOn4CLDndq6cMM2QqH-pDS3EOivH3Y13tQ,2:06:46
60,【スプラ3】涙の最終回～さよならホームラン編～【よなが/#新人Vtuber】,https://youtube.com/watch?v=UCrj3x0NztQ,https://i.ytimg.com/vi/UCrj3x0NztQ/hqdefault.jpg?sqp=-oaymwEcCNACELwBSFXyq4qpAw4IARUAAIhCGAFwAcABBg==&rs=AOn4CLBaLZlinzu1sxxXoxrQkCTMCHI5nQ,3:15:32
61,【睡眠導入/寝かしつけ】しゃべるだけ ＃3 /Whispering/囁き/睡眠導入/女性向け【よなが/#新人Vtuber】,https://youtube.com/watch?v=mwobG7tkDdY,https://i.ytimg.com/vi/mwobG7tkDdY/hqdefault.jpg?sqp=-oaymwEcCNACELwBSFXyq4qpAw4IARUAAIhCGAFwAcABBg==&rs=AOn4CLB6YXo46nAiqti00J9X5hFtZWDFGA,1:20:17
62,【マリカ/参加型】数年ぶりのマリオカート【よなが/#新人Vtuber】,https://youtube.com/watch?v=3VJIWx4w6jA,https://i.ytimg.com/vi/3VJIWx4w6jA/hqdefault.jpg?sqp=-oaymwEcCNACELwBSFXyq4qpAw4IARUAAIhCGAFwAcABBg==&rs=AOn4CLBoHDPfa8Gi2eyAYIGLjOZsXrQnbw,1:46:58
63,【スプラ3】初心者ですがそろそろSですか？【よなが/#新人Vtuber】,https://youtube.com/watch?v=GjjBtL4_loI,https://i.ytimg.com/vi/GjjBtL4_loI/hqdefault.jpg?sqp=-oaymwEcCNACELwBSFXyq4qpAw4IARUAAIhCGAFwAcABBg==&rs=AOn4CLC3aQ94iFJg6BJHOZVhzWtkqERnqA,6:03:49
64,【MHサンブレイク/参加型】ゆみを作りたい【よなが/#新人Vtuber】,https://youtube.com/watch?v=r5VjKTb_zqk,https://i.ytimg.com/vi/r5VjKTb_zqk/hqdefault.jpg?sqp=-oaymwEcCNACELwBSFXyq4qpAw4IARUAAIhCGAFwAcABBg==&rs=AOn4CLDYtiJlEVYV4bVaASa4yN-2_JflMw,2:40:03
65,【スプラ3】スプラ初心者が残り13時間でSに上がるまでの物語【よなが/#新人Vtuber】,https://youtube.com/watch?v=IH3eHcCPiY8,https://i.ytimg.com/vi/IH3eHcCPiY8/hqdefault.jpg?sqp=-oaymwEcCNACELwBSFXyq4qpAw4IARUAAIhCGAFwAcABBg==&rs=AOn4CLCOms9QEss3-7g4-0TU8xj_kJLylQ,3:55:45
66,【睡眠導入/寝かしつけ】秋の夜が長くても ＃2 /Whispering/囁き/睡眠導入/女性向け【よなが/#新人Vtuber】,https://youtube.com/watch?v=k3qY0obf4x0,https://i.ytimg.com/vi/k3qY0obf4x0/hqdefault.jpg?sqp=-oaymwEcCNACELwBSFXyq4qpAw4IARUAAIhCGAFwAcABBg==&rs=AOn4CLA1UPBOarsHA1LaW9or6c-D5HnXgQ,1:03:54
67,【スプラ3】5時間やってC-だった男【よなが/#新人Vtuber】,https://youtube.com/watch?v=9vahQ5kn-kI,https://i.ytimg.com/vi/9vahQ5kn-kI/hqdefault.jpg?sqp=-oaymwEcCNACELwBSFXyq4qpAw4IARUAAIhCGAFwAcABBg==&rs=AOn4CLDaTMO6lB65grtPU5zAzLCCnf3Wsg,6:05:44
68,【スプラ3】2から逃げた初心者、はじめての3【よなが/#新人Vtuber】,https://youtube.com/watch?v=6kpuz3kAbFY,https://i.ytimg.com/vi/6kpuz3kAbFY/hqdefault.jpg?sqp=-oaymwEcCNACELwBSFXyq4qpAw4IARUAAIhCGAFwAcABBg==&rs=AOn4CLA5kpngCJh3ZYiMoHk7bVZa5uwHbA,4:51:55
69,【地獄銭湯】深夜にまったり、お風呂です【よなが/#新人Vtuber】,https://youtube.com/watch?v=Z_a2hDqp5Xk,https://i.ytimg.com/vi/Z_a2hDqp5Xk/hqdefault.jpg?sqp=-oaymwEcCNACELwBSFXyq4qpAw4IARUAAIhCGAFwAcABBg==&rs=AOn4CLC_7i7tpEZAKaBZuPhHt8UBuP-a7w,2:29:22
70,一緒に本を読みましょう。/読書/作業/勉強【よなが/#新人Vtuber】,https://youtube.com/watch?v=SQ79bx-DM-8,https://i.ytimg.com/vi/SQ79bx-DM-8/hqdefault.jpg?sqp=-oaymwEcCNACELwBSFXyq4qpAw4IARUAAIhCGAFwAcABBg==&rs=AOn4CLDpX0WRE_-mJKh2wpk2AzgjkUuXBw,1:08:51
71,【誕生日！/雑談】またこの日を迎えることが出来ました【よなが/#新人Vtuber】,https://youtube.com/watch?v=7mNISf1p8oI,https://i.ytimg.com/vi/7mNISf1p8oI/hqdefault.jpg?sqp=-oaymwEcCNACELwBSFXyq4qpAw4IARUAAIhCGAFwAcABBg==&rs=AOn4CLCbEDAvVsWOXO1y-wXxe3_WCvPHDQ,2:08:25
72,【睡眠導入/寝かしつけ】明日は月曜日だからちゃんと寝ようね ＃1 /Whispering/囁き/睡眠導入/女性向け【よなが/#新人Vtuber】,https://youtube.com/watch?v=9JM5rKpTe58,https://i.ytimg.com/vi/9JM5rKpTe58/hqdefault.jpg?sqp=-oaymwEcCNACELwBSFXyq4qpAw4IARUAAIhCGAFwAcABBg==&rs=AOn4CLCzCWJzW_PdHIjGT9zuYVR-xodQPg,1:00:49
73,【MHサンブレイク/参加型】MR110いくぞ～～！ with/伊鞠七ツ海【よなが/#新人Vtuber】,https://youtube.com/watch?v=wn9RH1HBVA8,https://i.ytimg.com/vi/wn9RH1HBVA8/hqdefault.jpg?sqp=-oaymwEcCNACELwBSFXyq4qpAw4IARUAAIhCGAFwAcABBg==&rs=AOn4CLBBp6ebEqhViZtY47g_td5WcbWjBg,8:57:42
74,【FF14/Gaia/新生】＃ １２  モードゥナ開拓！【よなが/#新人Vtuber】,https://youtube.com/watch?v=MuHVPcN2bXM,https://i.ytimg.com/vi/MuHVPcN2bXM/hqdefault.jpg?sqp=-oaymwEcCNACELwBSFXyq4qpAw4IARUAAIhCGAFwAcABBg==&rs=AOn4CLC6pcFo_cnezezZv_9RXwUB1BlDYw,4:38:52
75,【FF14/Gaia/新生】＃ １１  今日こそ！2.0のその先へ！【よなが/#新人Vtuber】,https://youtube.com/watch?v=ULZHHePbNeA,https://i.ytimg.com/vi/ULZHHePbNeA/hqdefault.jpg?sqp=-oaymwEcCNACELwBSFXyq4qpAw4IARUAAIhCGAFwAcABBg==&rs=AOn4CLDheWxqjjaxi4KOILz02CxpKADxJw,3:02:23
76,【MHサンブレイク/参加型】勉強は朝にするのが良いとされています【よなが/#新人Vtuber】,https://youtube.com/watch?v=QoO6nuXeF2s,https://i.ytimg.com/vi/QoO6nuXeF2s/hqdefault.jpg?sqp=-oaymwEcCNACELwBSFXyq4qpAw4IARUAAIhCGAFwAcABBg==&rs=AOn4CLCvXSs345Fbec2j5m73D6_k5mtH6w,6:46:09
77,【参加型！ガンエボ/GUNDAM EVOLUTION】はじめてのガンダム！こいつ動くぞ！！【よなが/#新人Vtuber】,https://youtube.com/watch?v=u9rQWH_22B0,https://i.ytimg.com/vi/u9rQWH_22B0/hqdefault.jpg?sqp=-oaymwEcCNACELwBSFXyq4qpAw4IARUAAIhCGAFwAcABBg==&rs=AOn4CLCG6TLFvSJ-R4_gPc7sLaoHqvtnew,5:29:39
78,【雑談/FREE CHAT】ちょっとぶりです、お元気ですか？【よなが/#新人Vtuber】,https://youtube.com/watch?v=PsaIV9OzCQs,https://i.ytimg.com/vi/PsaIV9OzCQs/hqdefault.jpg?sqp=-oaymwEcCNACELwBSFXyq4qpAw4IARUAAIhCGAFwAcABBg==&rs=AOn4CLC5Ixx_9lVw80Y7iJaaRTySqSi3Gg,1:59:17
79,【MHサンブレイク/参加型】研究開始！【よなが/#新人Vtuber】,https://youtube.com/watch?v=vTvpnA89ZIY,https://i.ytimg.com/vi/vTvpnA89ZIY/hqdefault.jpg?sqp=-oaymwEcCNACELwBSFXyq4qpAw4IARUAAIhCGAFwAcABBg==&rs=AOn4CLAsspg0Y8pcoj8ePNfsrE463yzcPw,2:50:12
80,【FF14/Gaia/新生】＃ １０  2.0のその先へ！新生はまだ広がっていく！【よなが/#新人Vtuber】,https://youtube.com/watch?v=BgMTNSkpNpo,https://i.ytimg.com/vi/BgMTNSkpNpo/hqdefault.jpg?sqp=-oaymwEcCNACELwBSFXyq4qpAw4IARUAAIhCGAFwAcABBg==&rs=AOn4CLDbIlKZu9yDQuAEazbYMgKLvGM-hQ,7:30:07
81,【MHサンブレイク/参加型】深夜も一緒に！ハンターライフ！ w/伊鞠七ツ海【よなが/#新人Vtuber】,https://youtube.com/watch?v=InFa0KufDi8,https://i.ytimg.com/vi/InFa0KufDi8/hqdefault.jpg?sqp=-oaymwEcCNACELwBSFXyq4qpAw4IARUAAIhCGAFwAcABBg==&rs=AOn4CLBvgXxMB4-vB1JP7bdYNP9jK0aIBg,7:41:48
82,【FF14/Gaia/新生】＃ ９ いざ！ガルーダ討伐戦！【よなが/#新人Vtuber】,https://youtube.com/watch?v=3TcqD6P0aC0,https://i.ytimg.com/vi/3TcqD6P0aC0/hqdefault.jpg?sqp=-oaymwEcCNACELwBSFXyq4qpAw4IARUAAIhCGAFwAcABBg==&rs=AOn4CLBqptdMObHZSDt8qrIDyAoExdP9oA,10:00:43
83,【FF14/Gaia/新生】＃ ８ はじめてのクルザス！【よなが/#新人Vtuber】,https://youtube.com/watch?v=t3JH2Oj-DDM,https://i.ytimg.com/vi/t3JH2Oj-DDM/hqdefault.jpg?sqp=-oaymwEcCNACELwBSFXyq4qpAw4IARUAAIhCGAFwAcABBg==&rs=AOn4CLCPH3v8uMb0oZdnDXYsNRS9YbMQTQ,6:04:46
84,【MHサンブレイク/参加型】深夜も一緒に！ハンターライフ！ w/伊鞠七ツ海【よなが/#新人Vtuber】,https://youtube.com/watch?v=nPaH9nExg7I,https://i.ytimg.com/vi/nPaH9nExg7I/hqdefault.jpg?sqp=-oaymwEcCNACELwBSFXyq4qpAw4IARUAAIhCGAFwAcABBg==&rs=AOn4CLBKkF-FXjOmLa2oBKb9DoVHGkgJlQ,4:05:57
85,【FF14/Gaia/新生】おはよう～＃ 7 【よなが/#新人Vtuber】,https://youtube.com/watch?v=qaEpimlzEwU,https://i.ytimg.com/vi/qaEpimlzEwU/hqdefault.jpg?sqp=-oaymwEcCNACELwBSFXyq4qpAw4IARUAAIhCGAFwAcABBg==&rs=AOn4CLAkqu9vHJLjOC5gPV5mnLUoAsfXzQ,2:42:21
86,【FF14/Gaia/新生】はじめまして！おやすみの日のFF14＃ 6 【よなが/#新人Vtuber】,https://youtube.com/watch?v=U-dBVL1dE3o,https://i.ytimg.com/vi/U-dBVL1dE3o/hqdefault.jpg?sqp=-oaymwEcCNACELwBSFXyq4qpAw4IARUAAIhCGAFwAcABBg==&rs=AOn4CLB3Yl-aGDaHf0PQ8OoBw8-KJOz6eg,3:28:49
87,【MHサンブレイク/参加型】深夜も一緒に！ハンターライフ！【よなが/#新人Vtuber】,https://youtube.com/watch?v=DiNdK8eR1y4,https://i.ytimg.com/vi/DiNdK8eR1y4/hqdefault.jpg?sqp=-oaymwEcCNACELwBSFXyq4qpAw4IARUAAIhCGAFwAcABBg==&rs=AOn4CLCiyqRioDXFKxjF0ULWzkcXo2mpvw,5:25:17
88,【記念歌枠！】Singing live stream 1年の応援に感謝をこめて【よなが/#新人Vtuber】,https://youtube.com/watch?v=bclRLdsLazY,https://i.ytimg.com/vi/bclRLdsLazY/hqdefault.jpg?sqp=-oaymwEcCNACELwBSFXyq4qpAw4IARUAAIhCGAFwAcABBg==&rs=AOn4CLANrFzD7q7F1z_ohulLBJn7X5O_GA,2:28:58
89,【たこ焼きパーティー！/コラボ】最終的にサバイバル【よなが/#新人Vtuber】,https://youtube.com/watch?v=RtPrIKtZluc,https://i.ytimg.com/vi/RtPrIKtZluc/hqdefault.jpg?sqp=-oaymwEcCNACELwBSFXyq4qpAw4IARUAAIhCGAFwAcABBg==&rs=AOn4CLB1u3e_VTZvo--WEh9IO9puDolaFA,2:57:57
90,【Overwatch/オーバーウォッチ】いま最も盛り上がりかけてるゲーム【よなが/#新人Vtuber】,https://youtube.com/watch?v=5Qmu1WSm3H0,https://i.ytimg.com/vi/5Qmu1WSm3H0/hqdefault.jpg?sqp=-oaymwEcCNACELwBSFXyq4qpAw4IARUAAIhCGAFwAcABBg==&rs=AOn4CLAWh2vk4aA6XuAM4hAS71uBaeCV-w,6:40:08
91,【Shadowverse/シャドバ＃１】はじめての！ちいかわ！【よなが/#新人Vtuber】,https://youtube.com/watch?v=Pyr8tVbJ4M8,https://i.ytimg.com/vi/Pyr8tVbJ4M8/hqdefault.jpg?sqp=-oaymwEcCNACELwBSFXyq4qpAw4IARUAAIhCGAFwAcABBg==&rs=AOn4CLDQHSXPHvFgq4asmSdlEUCtXXs_bQ,3:17:06
92,【FF14/Gaia/新生】＃ 5 ふっちふっち。長老さがし？ 【よなが/#新人Vtuber】,https://youtube.com/watch?v=tiZ0JBzrBxI,https://i.ytimg.com/vi/tiZ0JBzrBxI/hqdefault.jpg?sqp=-oaymwEcCNACELwBSFXyq4qpAw4IARUAAIhCGAFwAcABBg==&rs=AOn4CLDCV0Whr3q7BDX6ycIJ_AD1UqbzFw,3:02:21
93,【FF14/Gaia/新生】＃ ４オスヴィで行く！暁の血盟！ 【よなが/#新人Vtuber】,https://youtube.com/watch?v=5CKE09FDjiM,https://i.ytimg.com/vi/5CKE09FDjiM/hqdefault.jpg?sqp=-oaymwEcCNACELwBSFXyq4qpAw4IARUAAIhCGAFwAcABBg==&rs=AOn4CLCk3PTS0fslJqW4ya_fnqQEUNueGg,7:28:37
94,【夏ホラー/NG-体験版-】この先、キケン？ 【よなが/#新人Vtuber】,https://youtube.com/watch?v=n5eNgpkyAJE,https://i.ytimg.com/vi/n5eNgpkyAJE/hqdefault.jpg?sqp=-oaymwEcCNACELwBSFXyq4qpAw4IARUAAIhCGAFwAcABBg==&rs=AOn4CLAsPJjLkRrJjr3pKym9PQIT9Pw5dA,3:03:43
95,【FF14/Gaia/新生】＃ ３ サスタシャからはじまる真夜中14【よなが/#新人Vtuber】,https://youtube.com/watch?v=6PK220wjkc0,https://i.ytimg.com/vi/6PK220wjkc0/hqdefault.jpg?sqp=-oaymwEcCNACELwBSFXyq4qpAw4IARUAAIhCGAFwAcABBg==&rs=AOn4CLBNoXRrG61_Rhp9rr7hbP2ChXOnCQ,2:27:28
96,【FF14/Gaia/新生】＃ ２ 男ヴィエラの顔面が強い！【よなが/#新人Vtuber】,https://youtube.com/watch?v=ArX3am5ievs,https://i.ytimg.com/vi/ArX3am5ievs/hqdefault.jpg?sqp=-oaymwEcCNACELwBSFXyq4qpAw4IARUAAIhCGAFwAcABBg==&rs=AOn4CLDhM-oWQX0IIL7cj5TU094t-S3PMA,6:50:09
97,【のんびり枠/オンライン線香花火】夏の終わりに雑に遊ぶ【よなが/#新人Vtuber】,https://youtube.com/watch?v=87PWH5y0_Og,https://i.ytimg.com/vi/87PWH5y0_Og/hqdefault.jpg?sqp=-oaymwEcCNACELwBSFXyq4qpAw4IARUAAIhCGAFwAcABBg==&rs=AOn4CLAUUsfNET5DcQLf0xmdqVWzzz4JQQ,3:57:10
98,【FF14/Gaia/新生】＃ １はじめまして！キャラクリから始めるFF14！【よなが/#新人Vtuber】,https://youtube.com/watch?v=HfjCxA23lis,https://i.ytimg.com/vi/HfjCxA23lis/hqdefault.jpg?sqp=-oaymwEcCNACELwBSFXyq4qpAw4IARUAAIhCGAFwAcABBg==&rs=AOn4CLCEs-lmIjR7z6ljUWJexdtC6nYAqg,2:36:19
99,【雑談 / FREE CHAT】多分8月最後のソロざつだん。【よなが/#新人Vtuber】,https://youtube.com/watch?v=fBhF68mbxwY,https://i.ytimg.com/vi/fBhF68mbxwY/hqdefault.jpg?sqp=-oaymwEcCNACELwBSFXyq4qpAw4IARUAAIhCGAFwAcABBg==&rs=AOn4CLBF5rfXGaYK2DIZukgUwQFM0BN7Hg,1:39:11
100,【MHサンブレイク/参加型】手を付けるたびに生態系がぐちゃぐちゃ！【よなが/#新人Vtuber】,https://youtube.com/watch?v=DnLwxruSBRc,https://i.ytimg.com/vi/DnLwxruSBRc/hqdefault.jpg?sqp=-oaymwEcCNACELwBSFXyq4qpAw4IARUAAIhCGAFwAcABBg==&rs=AOn4CLBVQ5L6FApw_msm-6RSn6U40G_ReQ,3:15:18
101,【夏ホラー/7dtd】8日目からはじまるゾンビサバイバル！【よなが/#新人Vtuber】,https://youtube.com/watch?v=lfiFMw7063U,https://i.ytimg.com/vi/lfiFMw7063U/hqdefault.jpg?sqp=-oaymwEcCNACELwBSFXyq4qpAw4IARUAAIhCGAFwAcABBg==&rs=AOn4CLDHuqz0wUu56CwGCt1VocIhDl_T2A,4:25:19
102,【A Short Hike/インディーゲーム】たまにはのんびりハイキング！【よなが/#新人Vtuber】,https://youtube.com/watch?v=GIVvEbKK2bI,https://i.ytimg.com/vi/GIVvEbKK2bI/hqdefault.jpg?sqp=-oaymwEcCNACELwBSFXyq4qpAw4IARUAAIhCGAFwAcABBg==&rs=AOn4CLAxigW4RCulaiVFRsoLWJvCLqHVFQ,2:03:27
103,【ユナイト/参加型】今日の主役はバンギラスです。【よなが/#新人Vtuber】,https://youtube.com/watch?v=kVd9dVsIsU8,https://i.ytimg.com/vi/kVd9dVsIsU8/hqdefault.jpg?sqp=-oaymwEcCNACELwBSFXyq4qpAw4IARUAAIhCGAFwAcABBg==&rs=AOn4CLAzcazzDT1J1oHzCpBqMvUefXBK2g,4:49:53
104,【ダークソウル3/DARK SOULSⅢ＃4】初見！はじめてのダークソウル3！【よなが/#新人Vtuber】,https://youtube.com/watch?v=ElpuQ-KjcLk,https://i.ytimg.com/vi/ElpuQ-KjcLk/hqdefault.jpg?sqp=-oaymwEcCNACELwBSFXyq4qpAw4IARUAAIhCGAFwAcABBg==&rs=AOn4CLD2R29OoWnAOYbA6Jh92UWZFIsO9Q,11:48:43
105,【夏ホラー/7dtd】7日目突破を目指せ！ドキドキサバイバル -後編-【よなが/#新人Vtuber】,https://youtube.com/watch?v=z2NLMlBHAY0,https://i.ytimg.com/vi/z2NLMlBHAY0/hqdefault.jpg?sqp=-oaymwEcCNACELwBSFXyq4qpAw4IARUAAIhCGAFwAcABBg==&rs=AOn4CLBVk1D_z2DJvFxCXi0bGoR0rBrVIA,3:48:04
106,【ダークソウル3/DARK SOULSⅢ＃3】初見！はじめてのダークソウル3！【よなが/#新人Vtuber】,https://youtube.com/watch?v=UH00pacCxO4,https://i.ytimg.com/vi/UH00pacCxO4/hqdefault.jpg?sqp=-oaymwEcCNACELwBSFXyq4qpAw4IARUAAIhCGAFwAcABBg==&rs=AOn4CLAv-c44Rv7BvoxCqMWPo1E8O78TyA,8:20:07
107,【ダークソウル3/DARK SOULSⅢ＃2】初見！はじめてのダークソウル3！【よなが/#新人Vtuber】,https://youtube.com/watch?v=CGinXTXWQW4,https://i.ytimg.com/vi/CGinXTXWQW4/hqdefault.jpg?sqp=-oaymwEcCNACELwBSFXyq4qpAw4IARUAAIhCGAFwAcABBg==&rs=AOn4CLAiL_4gXABj--tJwDj3Wqwx0QPAyA,11:02:02
108,【ダークソウル3/DARK SOULSⅢ＃１】初見！はじめてのダークソウル3！【よなが/#新人Vtuber】,https://youtube.com/watch?v=ULyFlrfXdhE,https://i.ytimg.com/vi/ULyFlrfXdhE/hqdefault.jpg?sqp=-oaymwEcCNACELwBSFXyq4qpAw4IARUAAIhCGAFwAcABBg==&rs=AOn4CLBu4MMH-4ditY7CvsbcOXuwTwT94g,10:01:47
109,【夏ホラー！/リトルナイトメア＃2】悪夢、2日目【よなが/#新人Vtuber】,https://youtube.com/watch?v=xduDv1_uAWY,https://i.ytimg.com/vi/xduDv1_uAWY/hqdefault.jpg?sqp=-oaymwEcCNACELwBSFXyq4qpAw4IARUAAIhCGAFwAcABBg==&rs=AOn4CLCMonjworGf_tZ243nDmIpoLcAxOA,2:29:17
110,【夏ホラー！/返校-Detention-】たのしい学園ライフ【よなが/#新人Vtuber】,https://youtube.com/watch?v=ja_W7bsei-A,https://i.ytimg.com/vi/ja_W7bsei-A/hqdefault.jpg?sqp=-oaymwEcCNACELwBSFXyq4qpAw4IARUAAIhCGAFwAcABBg==&rs=AOn4CLC_G2iCKRO8hDo1KzzFSJOkYjFsGw,3:58:54
111,【ユナイト/参加型】1進化ポケモンを使いこなしたい！【よなが/#新人Vtuber】,https://youtube.com/watch?v=5pzGOd9skiQ,https://i.ytimg.com/vi/5pzGOd9skiQ/hqdefault.jpg?sqp=-oaymwEcCNACELwBSFXyq4qpAw4IARUAAIhCGAFwAcABBg==&rs=AOn4CLBvNCJIfggKsmXXdJwscXllVNOBXw,5:02:48
112,【夏ホラー！/狂い月】深夜からはじまる名作フリーゲーム【よなが/#新人Vtuber】,https://youtube.com/watch?v=9lKj_PjEd_o,https://i.ytimg.com/vi/9lKj_PjEd_o/hqdefault.jpg?sqp=-oaymwEcCNACELwBSFXyq4qpAw4IARUAAIhCGAFwAcABBg==&rs=AOn4CLA9rGUEAj93AQ_8wFUSspvIe6p7DA,5:42:01
113,【サンブレイク/参加型】一緒にあーそーぼ！現在MR5【よなが/#新人Vtuber】,https://youtube.com/watch?v=OSkI70EoqUQ,https://i.ytimg.com/vi/OSkI70EoqUQ/hqdefault.jpg?sqp=-oaymwEcCNACELwBSFXyq4qpAw4IARUAAIhCGAFwAcABBg==&rs=AOn4CLANdZDcC-E4MlohWhse5kEaojTCvQ,4:09:35
114,【夏ホラー！/リトルナイトメア＃1】悪夢、1日目【よなが/#新人Vtuber】,https://youtube.com/watch?v=27gEyoMVSu0,https://i.ytimg.com/vi/27gEyoMVSu0/hqdefault.jpg?sqp=-oaymwEcCNACELwBSFXyq4qpAw4IARUAAIhCGAFwAcABBg==&rs=AOn4CLDic27iyA3BhH48MqyhVHqc6CLscQ,2:17:22
115,【夏ホラー！/DreadOut-後編-】スマホ片手にJKと【よなが/#新人Vtuber】,https://youtube.com/watch?v=98XKTIS11Js,https://i.ytimg.com/vi/98XKTIS11Js/hqdefault.jpg?sqp=-oaymwEcCNACELwBSFXyq4qpAw4IARUAAIhCGAFwAcABBg==&rs=AOn4CLDNFAJx118Ek1vCFYqLGxiFB7SyMA,2:13:03
116,【夏ホラー/7dtd】7日目突破を目指せ！ドキドキサバイバル -前編-【よなが/#新人Vtuber】,https://youtube.com/watch?v=qp0ErDmFri0,https://i.ytimg.com/vi/qp0ErDmFri0/hqdefault.jpg?sqp=-oaymwEcCNACELwBSFXyq4qpAw4IARUAAIhCGAFwAcABBg==&rs=AOn4CLAuJBMf7LHVyZp9Tnl3LyucnGC0Vg,2:47:47
117,【いろいろ（ゴッフィー→ユナイト）】いつめん5人で何かする【よなが/#新人Vtuber】,https://youtube.com/watch?v=obbT-VXiKsA,https://i.ytimg.com/vi/obbT-VXiKsA/hqdefault.jpg?sqp=-oaymwEcCNACELwBSFXyq4qpAw4IARUAAIhCGAFwAcABBg==&rs=AOn4CLBb9qOBqobtXT-UsKqQfyQKPScItg,3:13:13
118,【♯3】Hollow Knight - ことこと古都 -【よなが/#新人Vtuber】,https://youtube.com/watch?v=T7s7HTxgvu4,https://i.ytimg.com/vi/T7s7HTxgvu4/hqdefault.jpg?sqp=-oaymwEcCNACELwBSFXyq4qpAw4IARUAAIhCGAFwAcABBg==&rs=AOn4CLD5tycoqpq9d2VcdnmVQHpKipCK6Q,3:56:18
119,【シャニマス♯２０】if(!Straylight)を読む。【よなが/#新人Vtuber】,https://youtube.com/watch?v=Ggd6JhpE70M,https://i.ytimg.com/vi/Ggd6JhpE70M/hqdefault.jpg?sqp=-oaymwEcCNACELwBSFXyq4qpAw4IARUAAIhCGAFwAcABBg==&rs=AOn4CLCnx3QHSWOccD1yKZczTXkinAGo5Q,3:20:02
120,【Genshin Impact / 原神】ハウジングが出来るんですか？【よなが/#新人Vtuber】,https://youtube.com/watch?v=qru7uufB1uQ,https://i.ytimg.com/vi/qru7uufB1uQ/hqdefault.jpg?sqp=-oaymwEcCNACELwBSFXyq4qpAw4IARUAAIhCGAFwAcABBg==&rs=AOn4CLA7ampKlyWN0CZPEjUzx1HubFSJ-g,2:25:59
121,【夏ホラー！/DreadOut-前編-】スマホ片手にJKと【よなが/#新人Vtuber】,https://youtube.com/watch?v=MGY8JKsTYFo,https://i.ytimg.com/vi/MGY8JKsTYFo/hqdefault.jpg?sqp=-oaymwEcCNACELwBSFXyq4qpAw4IARUAAIhCGAFwAcABBg==&rs=AOn4CLBwcvdjyj2MjDeN62TGrB7p7tMuuw,2:43:56
122,【ユナイト/参加型】突発コラボ、朝活ユナイト！【よなが/#新人Vtuber】,https://youtube.com/watch?v=Ymgje9rCgd0,https://i.ytimg.com/vi/Ymgje9rCgd0/hqdefault.jpg?sqp=-oaymwEcCNACELwBSFXyq4qpAw4IARUAAIhCGAFwAcABBg==&rs=AOn4CLC3SEeRlfhmYS-CKOlxkDXx4CfuUQ,2:51:40
123,【Life is Strange / Episode.5】偏光【よなが/#新人Vtube】,https://youtube.com/watch?v=1pLcdH-OIMM,https://i.ytimg.com/vi/1pLcdH-OIMM/hqdefault.jpg?sqp=-oaymwEcCNACELwBSFXyq4qpAw4IARUAAIhCGAFwAcABBg==&rs=AOn4CLDlLJGXaM43sroeKtFznWTHWMfvwQ,4:15:04
124,【1周年記念！】いつも応援ありがとうございます！【よなが/#新人Vtuber】,https://youtube.com/watch?v=azEF6X6vpnw,https://i.ytimg.com/vi/azEF6X6vpnw/hqdefault.jpg?sqp=-oaymwEcCNACELwBSFXyq4qpAw4IARUAAIhCGAFwAcABBg==&rs=AOn4CLCFC2Rp0wLScODFCpfec8x03JdpeA,2:35:26
125,【サンブレイク参加型/switch】突発モンハン！初見の狼女を連れて。【よなが/#新人Vtuber】,https://youtube.com/watch?v=no5lX4Knq6U,https://i.ytimg.com/vi/no5lX4Knq6U/hqdefault.jpg?sqp=-oaymwEcCNACELwBSFXyq4qpAw4IARUAAIhCGAFwAcABBg==&rs=AOn4CLAE5mIOKDNdy5OAQpWbzK2OsRBDTQ,2:47:10
126,【Life is Strange / Episode.4】暗室【よなが/#新人Vtube】,https://youtube.com/watch?v=CX2erT4c_eQ,https://i.ytimg.com/vi/CX2erT4c_eQ/hqdefault.jpg?sqp=-oaymwEcCNACELwBSFXyq4qpAw4IARUAAIhCGAFwAcABBg==&rs=AOn4CLA8vjbfqNHHhaj5pnpHxZwEaWii4g,4:43:56
127,【Genshin Impact / 原神】ちょびっと原神！【よなが/#新人Vtuber】,https://youtube.com/watch?v=Q-0w-xzoOKQ,https://i.ytimg.com/vi/Q-0w-xzoOKQ/hqdefault.jpg?sqp=-oaymwEcCNACELwBSFXyq4qpAw4IARUAAIhCGAFwAcABBg==&rs=AOn4CLBEtNxXun-BB0Pxu8vn3EfVK1cd8A,2:13:43
128,【APEX/参加型】やる度に久しぶりぺくす【よなが/#新人Vtube】,https://youtube.com/watch?v=iVtngk4yESI,https://i.ytimg.com/vi/iVtngk4yESI/hqdefault.jpg?sqp=-oaymwEcCNACELwBSFXyq4qpAw4IARUAAIhCGAFwAcABBg==&rs=AOn4CLC-ydk44b-0hn3XLjATGpd5Ajbx8Q,3:51:42
129,【Life is Strange / Part.3】カオス理論【よなが/#新人Vtube】,https://youtube.com/watch?v=14ckOYknnwo,https://i.ytimg.com/vi/14ckOYknnwo/hqdefault.jpg?sqp=-oaymwEcCNACELwBSFXyq4qpAw4IARUAAIhCGAFwAcABBg==&rs=AOn4CLB-n_tGWMqpTuxK__iyyssX3N3o6Q,3:50:45
130,【雑談 / FREE CHAT】たなばた【よなが/#新人Vtuber】,https://youtube.com/watch?v=AmZLtgYfi00,https://i.ytimg.com/vi/AmZLtgYfi00/hqdefault.jpg?sqp=-oaymwEcCNACELwBSFXyq4qpAw4IARUAAIhCGAFwAcABBg==&rs=AOn4CLAoskUkK63GbY_1oJDHYyob6F-SYA,1:17:47
131,【雑談 / FREE CHAT】おはようといってらっしゃい【よなが/#新人Vtuber】,https://youtube.com/watch?v=bI8ceJDwENY,https://i.ytimg.com/vi/bI8ceJDwENY/hqdefault.jpg?sqp=-oaymwEcCNACELwBSFXyq4qpAw4IARUAAIhCGAFwAcABBg==&rs=AOn4CLDaTZo_wpLKnBFcHsehET0Z_2BfVw,1:13:32
132,【サンブレイク/switch】楽しく狩ってストーリー攻略！【よなが/#新人Vtuber】,https://youtube.com/watch?v=GzBjiHbVvec,https://i.ytimg.com/vi/GzBjiHbVvec/hqdefault.jpg?sqp=-oaymwEcCNACELwBSFXyq4qpAw4IARUAAIhCGAFwAcABBg==&rs=AOn4CLD4kGAcmw5K1AbwpDUe_3TZO59U3w,4:17:49
133,【ポケモンユナイト/参加型】カビゴンを教えてください！【よなが/#新人Vtuber】,https://youtube.com/watch?v=LLZ7JEJhDXg,https://i.ytimg.com/vi/LLZ7JEJhDXg/hqdefault.jpg?sqp=-oaymwEcCNACELwBSFXyq4qpAw4IARUAAIhCGAFwAcABBg==&rs=AOn4CLAvvHUvZxdFmK-oNMa7o9yv6fll0A,6:44:26
134,【Genshin Impact / 原神】悲しいガチャ結果＆璃月が終わる……？【よなが/#新人Vtuber】,https://youtube.com/watch?v=KGSCUDsAB08,https://i.ytimg.com/vi/KGSCUDsAB08/hqdefault.jpg?sqp=-oaymwEcCNACELwBSFXyq4qpAw4IARUAAIhCGAFwAcABBg==&rs=AOn4CLBJMhFU7GJJ8iXum5Jg4jP3dl10ow,2:37:37
135,【♯2】Hollow Knight - たんさく -【よなが/#新人Vtuber 】,https://youtube.com/watch?v=LNiY9diCnpM,https://i.ytimg.com/vi/LNiY9diCnpM/hqdefault.jpg?sqp=-oaymwEcCNACELwBSFXyq4qpAw4IARUAAIhCGAFwAcABBg==&rs=AOn4CLBKJKJJCNfpWcDsxwBbiD5jVA_l_w,4:35:19
136,【DbD】ミッドナイトDbD【よなが/#新人Vtuber】,https://youtube.com/watch?v=IRQFySgTi2k,https://i.ytimg.com/vi/IRQFySgTi2k/hqdefault.jpg?sqp=-oaymwEcCNACELwBSFXyq4qpAw4IARUAAIhCGAFwAcABBg==&rs=AOn4CLBO6uAcuT9CbK9dBpSTHOqNcDf9cg,3:59:47
137,【Life is Strange / Part.2】Stand By Me【よなが/#新人Vtube】,https://youtube.com/watch?v=S5z4SZmJMkg,https://i.ytimg.com/vi/S5z4SZmJMkg/hqdefault.jpg?sqp=-oaymwEcCNACELwBSFXyq4qpAw4IARUAAIhCGAFwAcABBg==&rs=AOn4CLAapqtIClUVKbo52ETx7Ev30WVWqQ,3:36:02
138,【雑談 / FREE CHAT】おひさ【よなが/#新人Vtuber】,https://youtube.com/watch?v=25Y5XA1VQ3E,https://i.ytimg.com/vi/25Y5XA1VQ3E/hqdefault.jpg?sqp=-oaymwEcCNACELwBSFXyq4qpAw4IARUAAIhCGAFwAcABBg==&rs=AOn4CLBffVZVUJ87hzXUZ620CxsT8yKuBw,1:20:51
139,【Genshin Impact / 原神】初見！璃月メインストーリー！【よなが/#新人Vtuber】,https://youtube.com/watch?v=k8YHAEL_O7c,https://i.ytimg.com/vi/k8YHAEL_O7c/hqdefault.jpg?sqp=-oaymwEcCNACELwBSFXyq4qpAw4IARUAAIhCGAFwAcABBg==&rs=AOn4CLBv72W_acFhtIKJeJdvnTmbyNkUpw,5:48:25
140,【♯1】Hollow Knight - はじまり -【よなが/#新人Vtuber 】,https://youtube.com/watch?v=UttsRk4HUyo&t=3811s,https://i.ytimg.com/vi/UttsRk4HUyo/hqdefault.jpg?sqp=-oaymwEcCNACELwBSFXyq4qpAw4IARUAAIhCGAFwAcABBg==&rs=AOn4CLCq-L5T92_BEK2No6IGinLApHtc5w,3:30:19
141,【Genshin Impact / 原神】はじめまして、原神＃２【よなが/#新人Vtuber】,https://youtube.com/watch?v=H8_Pa8ZrjVU,https://i.ytimg.com/vi/H8_Pa8ZrjVU/hqdefault.jpg?sqp=-oaymwEcCNACELwBSFXyq4qpAw4IARUAAIhCGAFwAcABBg==&rs=AOn4CLASfoBKeyB0YQCnQaCU4y0i_IEUBA,4:41:53
142,【Life is Strange / Part.1】選択肢を好きに選べたとして【よなが/#新人Vtube】,https://youtube.com/watch?v=qtlUFMDS4Mk&t=1s,https://i.ytimg.com/vi/qtlUFMDS4Mk/hqdefault.jpg?sqp=-oaymwEcCNACELwBSFXyq4qpAw4IARUAAIhCGAFwAcABBg==&rs=AOn4CLBLsjWEAVqbbU_vpx81uhFBQUIExw,3:28:53
143,【Genshin Impact / 原神】はじめまして、原神【よなが/#新人Vtuber】,https://youtube.com/watch?v=lI3TjaLiNw0,https://i.ytimg.com/vi/lI3TjaLiNw0/hqdefault.jpg?sqp=-oaymwEcCNACELwBSFXyq4qpAw4IARUAAIhCGAFwAcABBg==&rs=AOn4CLD4nTDM-L9OAUZiVGmHkc2b3hWEtg,2:45:42
144,【ポケモンユナイト/ソロラン】今日で！いよいよ！マスターに！【よなが/#新人Vtuber】,https://youtube.com/watch?v=deJKpyPan_c,https://i.ytimg.com/vi/deJKpyPan_c/hqdefault.jpg?sqp=-oaymwEcCNACELwBSFXyq4qpAw4IARUAAIhCGAFwAcABBg==&rs=AOn4CLBEhqPLWS7474r2KY9BVM9j4MvHaA,3:33:37
145,【ポケモンユナイト/ソロラン→参加型！】少しは上達してきたかな……！エキスパ編！【よなが/#新人Vtuber】,https://youtube.com/watch?v=Ngw7z35AQpg,https://i.ytimg.com/vi/Ngw7z35AQpg/hqdefault.jpg?sqp=-oaymwEcCNACELwBSFXyq4qpAw4IARUAAIhCGAFwAcABBg==&rs=AOn4CLB62sqSvx8hBfhmOYJxZm-t0zvxnw,3:42:56
146,【DbD/初心者キラー】今日から始める全滅修行【よなが/#新人Vtuber】,https://youtube.com/watch?v=t0nzD0R-2ZY,https://i.ytimg.com/vi/t0nzD0R-2ZY/hqdefault.jpg?sqp=-oaymwEcCNACELwBSFXyq4qpAw4IARUAAIhCGAFwAcABBg==&rs=AOn4CLDQE7km2zEIWJ7UTa7BNol5-6uhlA,2:36:48
147,【雑談 / FREE CHAT】zatsudan.jp【よなが/#新人Vtuber】,https://youtube.com/watch?v=fUbYdPcXJiE,https://i.ytimg.com/vi/fUbYdPcXJiE/hqdefault.jpg?sqp=-oaymwEcCNACELwBSFXyq4qpAw4IARUAAIhCGAFwAcABBg==&rs=AOn4CLCKerRId1AwoWpI2mznOzs6flhESw,2:07:48
148,【#CampingSimulator】今日はのんびり、ソロキャンプ【よなが/ #新人Vtuber 】,https://youtube.com/watch?v=TdJHIo-m4pU,https://i.ytimg.com/vi/TdJHIo-m4pU/hqdefault.jpg?sqp=-oaymwEcCNACELwBSFXyq4qpAw4IARUAAIhCGAFwAcABBg==&rs=AOn4CLCxZyeahDJeAuTF1rXLsPb2vaKJuQ,1:13:09
149,【ポケモンユナイト/参加型】男の子だからマスターを目指してみます。【よなが/#新人Vtuber】,https://youtube.com/watch?v=9ei8SMLel1Q,https://i.ytimg.com/vi/9ei8SMLel1Q/hqdefault.jpg?sqp=-oaymwEcCNACELwBSFXyq4qpAw4IARUAAIhCGAFwAcABBg==&rs=AOn4CLBpfVEFYu3xW__xJ400zAq5s-nZ2g,8:07:09
150,【モンハンライズ/参加型】本日は夜通し狩りというわけです。【よなが/#新人Vtuber】,https://youtube.com/watch?v=OGPZ-npBgx8,https://i.ytimg.com/vi/OGPZ-npBgx8/hqdefault.jpg?sqp=-oaymwEcCNACELwBSFXyq4qpAw4IARUAAIhCGAFwAcABBg==&rs=AOn4CLBuhY0Xke1MefLNy-ByW20yLn5t9A,4:56:24
151,【雑談 / FREE CHAT】もくよヴぃ～【よなが/#新人Vtuber】,https://youtube.com/watch?v=oPPmg6mG9yc,https://i.ytimg.com/vi/oPPmg6mG9yc/hqdefault.jpg?sqp=-oaymwEcCNACELwBSFXyq4qpAw4IARUAAIhCGAFwAcABBg==&rs=AOn4CLA9xgSll-6nTSSxn8zgZswny3AMRQ,2:44:39
152,【ポケモンユナイト/参加型】マジシャン見習い！【よなが/#新人Vtuber】,https://youtube.com/watch?v=9xTO2mV3MFE,https://i.ytimg.com/vi/9xTO2mV3MFE/hqdefault.jpg?sqp=-oaymwEcCNACELwBSFXyq4qpAw4IARUAAIhCGAFwAcABBg==&rs=AOn4CLCl7Tlhipkvlk_8rt46EgrsT91uwA,3:03:30
153,【DbD】「BP……、20倍……！！」【よなが/#新人Vtuber】,https://youtube.com/watch?v=QjFKaPa7SRk,https://i.ytimg.com/vi/QjFKaPa7SRk/hqdefault.jpg?sqp=-oaymwEcCNACELwBSFXyq4qpAw4IARUAAIhCGAFwAcABBg==&rs=AOn4CLBKCmq-1RCpeFCIKYZsZ-J_Z-RBKQ,2:46:55
154,【ポケモンユナイト】軽い気持ちでマスターを目指してみる【よなが/#新人Vtuber】,https://youtube.com/watch?v=3ScCZZ7ir6o,https://i.ytimg.com/vi/3ScCZZ7ir6o/hqdefault.jpg?sqp=-oaymwEcCNACELwBSFXyq4qpAw4IARUAAIhCGAFwAcABBg==&rs=AOn4CLDNYDp89lfSrWn_JV0lE6dMqNb4qQ,8:42:58
155,【Minecraft】歪んだ板材が欲しいのだ＃２【よなが/#新人Vtuber】,https://youtube.com/watch?v=oTZrpY5YKxc,https://i.ytimg.com/vi/oTZrpY5YKxc/hqdefault.jpg?sqp=-oaymwEcCNACELwBSFXyq4qpAw4IARUAAIhCGAFwAcABBg==&rs=AOn4CLDlcRE4iDyrUdUWeaUvpLY5zqEH7w,4:28:04
156,【APEX/参加型】むつかしくなったとききました【よなが/#新人Vtuber】,https://youtube.com/watch?v=uOJy8W9GkvU,https://i.ytimg.com/vi/uOJy8W9GkvU/hqdefault.jpg?sqp=-oaymwEcCNACELwBSFXyq4qpAw4IARUAAIhCGAFwAcABBg==&rs=AOn4CLBOdlD52TtHXsWkWdAAMO6aS8W3Ng,7:02:33
157,【HER STORY】実写推理ゲーム、今宵の名探偵は僕です。【よなが/#新人Vtuber】,https://youtube.com/watch?v=L2J00j4g7nU,https://i.ytimg.com/vi/L2J00j4g7nU/hqdefault.jpg?sqp=-oaymwEcCNACELwBSFXyq4qpAw4IARUAAIhCGAFwAcABBg==&rs=AOn4CLDPdfsZivml9w7ceB0LXgtcs7jf4w,3:21:44
158,【Minecraft】歪んだ板材が欲しいのだ【よなが/#新人Vtuber】,https://youtube.com/watch?v=nKYfVKPqIi0,https://i.ytimg.com/vi/nKYfVKPqIi0/hqdefault.jpg?sqp=-oaymwEcCNACELwBSFXyq4qpAw4IARUAAIhCGAFwAcABBg==&rs=AOn4CLAet3_3vP8MmWrwMj1pXN-uoXtrHA,2:05:48
159,【雑談 / FREE CHAT】のんびりお話ししたいなって【よなが/#新人Vtuber】,https://youtube.com/watch?v=9rp4pKrn63I,https://i.ytimg.com/vi/9rp4pKrn63I/hqdefault.jpg?sqp=-oaymwEcCNACELwBSFXyq4qpAw4IARUAAIhCGAFwAcABBg==&rs=AOn4CLAZL3qOu9Y67u9cZm4UMnKglBps1A,1:51:32
160,【ポケモンユナイト/参加型】お久しぶりのポケユナ！【よなが/#新人Vtuber】,https://youtube.com/watch?v=Vp37AiGpIzs,https://i.ytimg.com/vi/Vp37AiGpIzs/hqdefault.jpg?sqp=-oaymwEcCNACELwBSFXyq4qpAw4IARUAAIhCGAFwAcABBg==&rs=AOn4CLB8Wqc7KZZLKjpAPIJwLImWGwKsLA,5:43:56
161,【DbD】たまーーーーーに【よなが/#新人Vtuber】,https://youtube.com/watch?v=C8G4dq9iZs8,https://i.ytimg.com/vi/C8G4dq9iZs8/hqdefault.jpg?sqp=-oaymwEcCNACELwBSFXyq4qpAw4IARUAAIhCGAFwAcABBg==&rs=AOn4CLA_G4Jrboe1_6pj_bbSYukzCRZDvA,4:54:06
162,【Overwatch/参加型】女医マーシースキンが欲しい！【よなが/#新人Vtuber】,https://youtube.com/watch?v=2u8G8iLRplY,https://i.ytimg.com/vi/2u8G8iLRplY/hqdefault.jpg?sqp=-oaymwEcCNACELwBSFXyq4qpAw4IARUAAIhCGAFwAcABBg==&rs=AOn4CLAGtGjR7GwYQ873EumsJdSqR0IAKA,2:35:12
163,【ダークソウル2/DARK SOULS II】今日から始めるダークソウル2！#9【よなが/#新人Vtuber】,https://youtube.com/watch?v=Pzlsh2Dq64U,https://i.ytimg.com/vi/Pzlsh2Dq64U/hqdefault.jpg?sqp=-oaymwEcCNACELwBSFXyq4qpAw4IARUAAIhCGAFwAcABBg==&rs=AOn4CLAEugG5HTHTmvlPkUfzSbqaMO2qdw,4:41:17
164,【シャニマス＃１９】はじめまして、緋田さん【よなが/#新人Vtuber】,https://youtube.com/watch?v=nDbhmnx85Do,https://i.ytimg.com/vi/nDbhmnx85Do/hqdefault.jpg?sqp=-oaymwEcCNACELwBSFXyq4qpAw4IARUAAIhCGAFwAcABBg==&rs=AOn4CLDn4vhCO6gNvtRvz1fdJ_y05cAUsg,4:12:30
165,【雀魂/参加型】お久しぶりのそれロン麻雀【よなが/#新人Vtuber】,https://youtube.com/watch?v=Y1Pq8l9TzKk,https://i.ytimg.com/vi/Y1Pq8l9TzKk/hqdefault.jpg?sqp=-oaymwEcCNACELwBSFXyq4qpAw4IARUAAIhCGAFwAcABBg==&rs=AOn4CLBI7fu7Lt80T08ZBJJhrhn_KKNiOw,3:24:39
166,【雑談 / FREE CHAT】おはなしの時間【よなが/#新人Vtuber】,https://youtube.com/watch?v=IsvmXH-rung,https://i.ytimg.com/vi/IsvmXH-rung/hqdefault.jpg?sqp=-oaymwEcCNACELwBSFXyq4qpAw4IARUAAIhCGAFwAcABBg==&rs=AOn4CLCKLYcFDZ-548inwkPs-A6eUfSMig,2:13:04
167,【ダークソウル2/DARK SOULS II】今日から始めるダークソウル2！#8【よなが/#新人Vtuber】,https://youtube.com/watch?v=JPNDPRkuAz0,https://i.ytimg.com/vi/JPNDPRkuAz0/hqdefault.jpg?sqp=-oaymwEcCNACELwBSFXyq4qpAw4IARUAAIhCGAFwAcABBg==&rs=AOn4CLBPvCVx7gxSxt3BHlLq6yp36dAHxw,11:11:46
168,【ダークソウル2/DARK SOULS II】今日から始めるダークソウル2！#7【よなが/#新人Vtuber】,https://youtube.com/watch?v=C4V6v7QX1TQ,https://i.ytimg.com/vi/C4V6v7QX1TQ/hqdefault.jpg?sqp=-oaymwEcCNACELwBSFXyq4qpAw4IARUAAIhCGAFwAcABBg==&rs=AOn4CLBIwpZbhUniSLHNtYlwJ_uXY7qFnA,4:13:15
169,【Minecraft】多分お家を作るぞい【よなが/#新人Vtuber】,https://youtube.com/watch?v=L1quEX63b2I,https://i.ytimg.com/vi/L1quEX63b2I/hqdefault.jpg?sqp=-oaymwEcCNACELwBSFXyq4qpAw4IARUAAIhCGAFwAcABBg==&rs=AOn4CLAfLttiZX7V8xWd7QHcE2NMsRV89A,6:02:54
170,【雑談】よる【よなが/#新人Vtuber】,https://youtube.com/watch?v=1MaYgWXc52E,https://i.ytimg.com/vi/1MaYgWXc52E/hqdefault.jpg?sqp=-oaymwEcCNACELwBSFXyq4qpAw4IARUAAIhCGAFwAcABBg==&rs=AOn4CLCd2GikXqCkW9rn00rhV44jSpZHIQ,1:59:09
171,【ダークソウル2/DARK SOULS II】今日から始めるダークソウル2！#6【よなが/#新人Vtuber】,https://youtube.com/watch?v=gR9GVMH2ayY,https://i.ytimg.com/vi/gR9GVMH2ayY/hqdefault.jpg?sqp=-oaymwEcCNACELwBSFXyq4qpAw4IARUAAIhCGAFwAcABBg==&rs=AOn4CLCkxY0J7-bB4r7igW7lN4IAE3DZxQ,3:30:12
172,【ダークソウル2/DARK SOULS II】今日から始めるダークソウル2！#5【よなが/#新人Vtuber】,https://youtube.com/watch?v=jBGM-lVQF8w,https://i.ytimg.com/vi/jBGM-lVQF8w/hqdefault.jpg?sqp=-oaymwEcCNACELwBSFXyq4qpAw4IARUAAIhCGAFwAcABBg==&rs=AOn4CLCK0eO8fxHfR0o2QPue0nZeI8mzNA,5:33:00
173,【Visage/ホラー＃３】そろそろ帰りたい【よなが/#新人Vtuber】,https://youtube.com/watch?v=hN-OBCAl0bM,https://i.ytimg.com/vi/hN-OBCAl0bM/hqdefault.jpg?sqp=-oaymwEcCNACELwBSFXyq4qpAw4IARUAAIhCGAFwAcABBg==&rs=AOn4CLBVI7mZkIc80E6q3flNim0reUrRPw,3:14:14
174,【雑談】朝だよ～【よなが/#新人Vtuber】,https://youtube.com/watch?v=Emh9bwrlcCE,https://i.ytimg.com/vi/Emh9bwrlcCE/hqdefault.jpg?sqp=-oaymwEcCNACELwBSFXyq4qpAw4IARUAAIhCGAFwAcABBg==&rs=AOn4CLCRWJCO-5f4D4d1R_5J0i6qQSJQLw,1:49:40
175,【ダークソウル2/DARK SOULS II】今日から始めるダークソウル2！#４【よなが/#新人Vtuber】,https://youtube.com/watch?v=KwB5uMw_3LI,https://i.ytimg.com/vi/KwB5uMw_3LI/hqdefault.jpg?sqp=-oaymwEcCNACELwBSFXyq4qpAw4IARUAAIhCGAFwAcABBg==&rs=AOn4CLBSKiivlI5HgZ3T7LFQd8LKqME9Kw,4:41:25
176,【ダークソウル2/DARK SOULS II】今日から始めるダークソウル2！#３【よなが/#新人Vtuber】,https://youtube.com/watch?v=OJjrjNjMrKc,https://i.ytimg.com/vi/OJjrjNjMrKc/hqdefault.jpg?sqp=-oaymwEcCNACELwBSFXyq4qpAw4IARUAAIhCGAFwAcABBg==&rs=AOn4CLDrl8uc39IW7iz8RSdBknVJjCmqqg,3:25:38
177,【APEX/コラボ】とつげきなのだ【よなが/#新人Vtuber】,https://youtube.com/watch?v=UOVS1MZ4l18,https://i.ytimg.com/vi/UOVS1MZ4l18/hqdefault.jpg?sqp=-oaymwEcCNACELwBSFXyq4qpAw4IARUAAIhCGAFwAcABBg==&rs=AOn4CLBjEl9uBNehA9Ute0aRxPp8yeONjw,2:58:14
178,【ダークソウル2/DARK SOULS II】今日から始めるダークソウル2！#２【よなが/#新人Vtuber】,https://youtube.com/watch?v=3-08otds6PQ,https://i.ytimg.com/vi/3-08otds6PQ/hqdefault.jpg?sqp=-oaymwEcCNACELwBSFXyq4qpAw4IARUAAIhCGAFwAcABBg==&rs=AOn4CLAftBm5XR03rcqWd3BAWdT87t5NQw,10:50:23
179,【シャニマス＃１８】はじめてのノクチル！はじめての樋口さん！【よなが/#新人Vtuber】,https://youtube.com/watch?v=v10OSD3sruA,https://i.ytimg.com/vi/v10OSD3sruA/hqdefault.jpg?sqp=-oaymwEcCNACELwBSFXyq4qpAw4IARUAAIhCGAFwAcABBg==&rs=AOn4CLDmv0ssVSlmQeeJy8PSP6_ym7PDuQ,4:07:43
180,【ダークソウル2/DARK SOULS II】今日から始めるダークソウル2！【よなが/#新人Vtuber】,https://youtube.com/watch?v=tho-ffIBlMk,https://i.ytimg.com/vi/tho-ffIBlMk/hqdefault.jpg?sqp=-oaymwEcCNACELwBSFXyq4qpAw4IARUAAIhCGAFwAcABBg==&rs=AOn4CLCAJnegugjGL3hdxtv9xo4WvBu89w,1:56:17
181,【Lobotomy Corporation＃最終回】嗚呼、我らがロボトミーコーポレーション！【よなが/#新人Vtuber】,https://youtube.com/watch?v=L1vQLtP7KLQ,https://i.ytimg.com/vi/L1vQLtP7KLQ/hqdefault.jpg?sqp=-oaymwEcCNACELwBSFXyq4qpAw4IARUAAIhCGAFwAcABBg==&rs=AOn4CLC7KzIFPx56ZbjQVOCnRpeeaZD5wQ,1:49:56
182,"【Lobotomy Corporation＃２０】帰ってきた新劇場版・Face the Fear, Build the Future.愛と涙の49日目最終回【よなが/#新人Vtuber】",https://youtube.com/watch?v=qrXk_817438,https://i.ytimg.com/vi/qrXk_817438/hqdefault.jpg?sqp=-oaymwEcCNACELwBSFXyq4qpAw4IARUAAIhCGAFwAcABBg==&rs=AOn4CLB5NZ-9B8q0shKdxJkWnHJc6eyCpw,5:14:39
183,【#Overwatch/参加型】カバーカバーカバーカバーカバー！！！！【よなが/#新人Vtuber】,https://youtube.com/watch?v=h2-3RrB8pS8,https://i.ytimg.com/vi/h2-3RrB8pS8/hqdefault.jpg?sqp=-oaymwEcCNACELwBSFXyq4qpAw4IARUAAIhCGAFwAcABBg==&rs=AOn4CLD23uvu-Ud7Y8-kWqtzdT9govO8Pw,3:20:29
184,【雑談】今週～GWは何をしようか【よなが/#新人Vtuber】,https://youtube.com/watch?v=KedjCngDDkw,https://i.ytimg.com/vi/KedjCngDDkw/hqdefault.jpg?sqp=-oaymwEcCNACELwBSFXyq4qpAw4IARUAAIhCGAFwAcABBg==&rs=AOn4CLAK0JfnxdUF531MHicwsdRqCCrE-A,2:10:57
185,"【Lobotomy Corporation＃１９】新劇場版・Face the Fear, Build the Future.【よなが/#新人Vtuber】",https://youtube.com/watch?v=HsDpUF2OQyc,https://i.ytimg.com/vi/HsDpUF2OQyc/hqdefault.jpg?sqp=-oaymwEcCNACELwBSFXyq4qpAw4IARUAAIhCGAFwAcABBg==&rs=AOn4CLAk7_zIcrWR_JCnw02F9fjgywJZ1w,5:32:42
186,【Vampire Survivors】30分生き残れ？【よなが/#新人Vtuber】,https://youtube.com/watch?v=r32RlTFmNF0,https://i.ytimg.com/vi/r32RlTFmNF0/hqdefault.jpg?sqp=-oaymwEcCNACELwBSFXyq4qpAw4IARUAAIhCGAFwAcABBg==&rs=AOn4CLCFZSZqoITpfU34UiXI0Uhc0m_FEg,4:11:48
187,"【Lobotomy Corporation＃１８】Face the Fear, Build the Future.【よなが/#新人Vtuber】",https://youtube.com/watch?v=a9OT8zVKL5g,https://i.ytimg.com/vi/a9OT8zVKL5g/hqdefault.jpg?sqp=-oaymwEcCNACELwBSFXyq4qpAw4IARUAAIhCGAFwAcABBg==&rs=AOn4CLCV7pYhCC-7F8bauDZj3Vc9fDZxNw,6:07:19
188,【雑談】もっと夜が長ければいいのに【よなが/#新人Vtuber】,https://youtube.com/watch?v=pHw-8onixMA,https://i.ytimg.com/vi/pHw-8onixMA/hqdefault.jpg?sqp=-oaymwEcCNACELwBSFXyq4qpAw4IARUAAIhCGAFwAcABBg==&rs=AOn4CLB0LKabeaC-qbtfWtg5Db2oM8_MrQ,1:45:29
189,【Lobotomy Corporation＃１７】お勉強ロボトミー【よなが/#新人Vtuber】,https://youtube.com/watch?v=pHOUuc3TSDI,https://i.ytimg.com/vi/pHOUuc3TSDI/hqdefault.jpg?sqp=-oaymwEcCNACELwBSFXyq4qpAw4IARUAAIhCGAFwAcABBg==&rs=AOn4CLC5pwMVzIe4cmF2gv7hpLxrDcMD2Q,2:05:11
190,【ARK】秘密基地に集めれない【Vtuber/よなが】,https://youtube.com/watch?v=cURzZviDP_I,https://i.ytimg.com/vi/cURzZviDP_I/hqdefault.jpg?sqp=-oaymwEcCNACELwBSFXyq4qpAw4IARUAAIhCGAFwAcABBg==&rs=AOn4CLAX0pw54123smRUBOotRgQOo4aVqQ,9:05:49
191,【ARK→ゴッフィー→参加型】秘密基地に集まって【Vtuber/よなが】,https://youtube.com/watch?v=zGo82hZ-kSs,https://i.ytimg.com/vi/zGo82hZ-kSs/hqdefault.jpg?sqp=-oaymwEcCNACELwBSFXyq4qpAw4IARUAAIhCGAFwAcABBg==&rs=AOn4CLBoFqu0vPFf8Mh-Cv5Ut5jsnsBPDQ,9:08:41
192,【Lobotomy Corporation＃１６】夜の帳【よなが/#新人Vtuber】,https://youtube.com/watch?v=nGRwIEeht44,https://i.ytimg.com/vi/nGRwIEeht44/hqdefault.jpg?sqp=-oaymwEcCNACELwBSFXyq4qpAw4IARUAAIhCGAFwAcABBg==&rs=AOn4CLD6ZRB1LEET2t7UEzlsp_jcfgtPLQ,4:36:53
193,【God Field/カードゲーム？】ごっふぃー【よなが/#新人Vtuber】,https://youtube.com/watch?v=qg2h_IZE9pg,https://i.ytimg.com/vi/qg2h_IZE9pg/hqdefault.jpg?sqp=-oaymwEcCNACELwBSFXyq4qpAw4IARUAAIhCGAFwAcABBg==&rs=AOn4CLBN3ehwVcAQbNyX4DeRRNILScgjGg,1:37:37
194,【雑談】お話ししよう。【よなが/#新人Vtuber】,https://youtube.com/watch?v=JvK_dBOpfrU&t=30s,https://i.ytimg.com/vi/JvK_dBOpfrU/hqdefault.jpg?sqp=-oaymwEcCNACELwBSFXyq4qpAw4IARUAAIhCGAFwAcABBg==&rs=AOn4CLA6wTkXfPABz1VVgLcHiHPrLhDQYw,2:11:21
195,【Lobotomy Corporation＃１５】明日に立ち向かう力を君に【よなが/#新人Vtuber】,https://youtube.com/watch?v=VBwu7EoXMxI,https://i.ytimg.com/vi/VBwu7EoXMxI/hqdefault.jpg?sqp=-oaymwEcCNACELwBSFXyq4qpAw4IARUAAIhCGAFwAcABBg==&rs=AOn4CLDEgmFJ3-rtrdKqIzhorDWZ_TyDFA,2:02:03
196,【 # Minecraft 】Re:ここから始まるマインクラフト【よなが/#新人Vtuber】,https://youtube.com/watch?v=ExI5h8auvPY&t=1909s,https://i.ytimg.com/vi/ExI5h8auvPY/hqdefault.jpg?sqp=-oaymwEcCNACELwBSFXyq4qpAw4IARUAAIhCGAFwAcABBg==&rs=AOn4CLCFNqQ0Jvs6SEFBFl2hz5xbzpPqcA,2:51:13
197,【シャニマス＃１７】はじめてのSHHis！ 七草さーん？【よなが/#新人Vtuber】,https://youtube.com/watch?v=EkWZAqkfSd0,https://i.ytimg.com/vi/EkWZAqkfSd0/hqdefault.jpg?sqp=-oaymwEcCNACELwBSFXyq4qpAw4IARUAAIhCGAFwAcABBg==&rs=AOn4CLAPLxobcLd1JHOPBTuo-2xMpcoOYA,4:26:28
198,【雑談】夜にまったり話すだけ【よなが/#新人Vtuber】,https://youtube.com/watch?v=UJQ7gwakvbM,https://i.ytimg.com/vi/UJQ7gwakvbM/hqdefault.jpg?sqp=-oaymwEcCNACELwBSFXyq4qpAw4IARUAAIhCGAFwAcABBg==&rs=AOn4CLC8nMfCkFEwNgU7AKw0IpMavQkSSQ,1:59:03
199,【ARK】よはくでARK、はじめての海進出【よなが/#新人Vtuber】,https://youtube.com/watch?v=mF-PP9Jw6LI,https://i.ytimg.com/vi/mF-PP9Jw6LI/hqdefault.jpg?sqp=-oaymwEcCNACELwBSFXyq4qpAw4IARUAAIhCGAFwAcABBg==&rs=AOn4CLA0E_ceeyAqM96c9Rb6ouwFfyvEyw,3:41:52
200,【Lobotomy Corporation＃１４】証明を超えて【よなが/#新人Vtuber】,https://youtube.com/watch?v=5aSKBfy4DsM,https://i.ytimg.com/vi/5aSKBfy4DsM/hqdefault.jpg?sqp=-oaymwEcCNACELwBSFXyq4qpAw4IARUAAIhCGAFwAcABBg==&rs=AOn4CLBLq0usbhZu4OsolebJEv8d83IceQ,4:40:10
201,【例外配達/単発ホラー】置き配で大丈夫ですか？【よなが/#新人Vtuber】,https://youtube.com/watch?v=jBUzv9mIaJg,https://i.ytimg.com/vi/jBUzv9mIaJg/hqdefault.jpg?sqp=-oaymwEcCNACELwBSFXyq4qpAw4IARUAAIhCGAFwAcABBg==&rs=AOn4CLCHVI1LnMbNfyCY9tDf3pEvfraQ2w,1:43:11
202,【TO THE MOON/ 朗読】叶えたい願いはありますか？【よなが/#新人Vtuber】,https://youtube.com/watch?v=cTKty_343y8,https://i.ytimg.com/vi/cTKty_343y8/hqdefault.jpg?sqp=-oaymwEcCNACELwBSFXyq4qpAw4IARUAAIhCGAFwAcABBg==&rs=AOn4CLAGQj1xgIGpF8_J1V_ZifLwWiGksg,6:22:18
203,【Lobotomy Corporation＃１３】小さな夜の曲【よなが/#新人Vtuber】,https://youtube.com/watch?v=pLZ59smnuMg,https://i.ytimg.com/vi/pLZ59smnuMg/hqdefault.jpg?sqp=-oaymwEcCNACELwBSFXyq4qpAw4IARUAAIhCGAFwAcABBg==&rs=AOn4CLCagTUFGcYxtht4QAIhbfnEGPxnaQ,4:51:35
204,まんなかざつだん【よなが/#新人Vtuber】,https://youtube.com/watch?v=G0G6FAIrR8M,https://i.ytimg.com/vi/G0G6FAIrR8M/hqdefault.jpg?sqp=-oaymwEcCNACELwBSFXyq4qpAw4IARUAAIhCGAFwAcABBg==&rs=AOn4CLAjZYIpaDR7nJbOHjjY3R7HiQrQ5A,2:36:47
205,【歌枠 /Singing】バレンタインデーのお返しに【よなが/#新人Vtuber】,https://youtube.com/watch?v=S8Wmeujo5Zs,https://i.ytimg.com/vi/S8Wmeujo5Zs/hqdefault.jpg?sqp=-oaymwEcCNACELwBSFXyq4qpAw4IARUAAIhCGAFwAcABBg==&rs=AOn4CLBT-b63h2SVoArl67dqqaO4aSnPjA,1:31:45
206,【Lobotomy Corporation＃１２】地の底に響く声【よなが/#新人Vtuber】,https://youtube.com/watch?v=r2mvVixGhWY,https://i.ytimg.com/vi/r2mvVixGhWY/hqdefault.jpg?sqp=-oaymwEcCNACELwBSFXyq4qpAw4IARUAAIhCGAFwAcABBg==&rs=AOn4CLAuoi2fqc251Vhd7ys-OrOhN2VERg,7:53:36
207,【シャニマス＃１６】ストレイLP最終章。ラストはめいちゃん！【よなが/#新人Vtuber】,https://youtube.com/watch?v=p3jbvevDg14,https://i.ytimg.com/vi/p3jbvevDg14/hqdefault.jpg?sqp=-oaymwEcCNACELwBSFXyq4qpAw4IARUAAIhCGAFwAcABBg==&rs=AOn4CLB1bs-YcLHdy-Z2In4zNn6eXWMM4A,3:50:18
208,ホッと一息つく雑談【よなが/#新人Vtuber】,https://youtube.com/watch?v=rTGsMe1qboQ,https://i.ytimg.com/vi/rTGsMe1qboQ/hqdefault.jpg?sqp=-oaymwEcCNACELwBSFXyq4qpAw4IARUAAIhCGAFwAcABBg==&rs=AOn4CLAQeeCQWZNNICvqIoZk1dk-Df_StA,2:26:57
209,【Lobotomy Corporation＃１１】過去は過ぎたが未来はまだ来ない【よなが/#新人Vtuber】,https://youtube.com/watch?v=mPmm17Ozs10,https://i.ytimg.com/vi/mPmm17Ozs10/hqdefault.jpg?sqp=-oaymwEcCNACELwBSFXyq4qpAw4IARUAAIhCGAFwAcABBg==&rs=AOn4CLCY1p0iNvIpFTI0JW-UHaEG0W7ZnA,9:18:27
210,【シャニマス＃１５】あさひと行くLanding Point！【よなが/#新人Vtuber】,https://youtube.com/watch?v=klkuzXZZfMk,https://i.ytimg.com/vi/klkuzXZZfMk/hqdefault.jpg?sqp=-oaymwEcCNACELwBSFXyq4qpAw4IARUAAIhCGAFwAcABBg==&rs=AOn4CLDpsM6NAAuF2xXXewARk3PW5doh8w,4:01:00
211,ちょっぴりだべる【よなが/#新人Vtuber】,https://youtube.com/watch?v=OIuY9dQ17JA,https://i.ytimg.com/vi/OIuY9dQ17JA/hqdefault.jpg?sqp=-oaymwEcCNACELwBSFXyq4qpAw4IARUAAIhCGAFwAcABBg==&rs=AOn4CLBmpVLZtrlJS7z8X2-BpXrwYweEFw,2:39:13
212,【 #雀魂 /参加型】utu【よなが/#新人Vtuber】,https://youtube.com/watch?v=wWhGmEsk_oA,https://i.ytimg.com/vi/wWhGmEsk_oA/hqdefault.jpg?sqp=-oaymwEcCNACELwBSFXyq4qpAw4IARUAAIhCGAFwAcABBg==&rs=AOn4CLBf8L6XCkUi7yCcm1AN-Kg29isJmg,2:34:37
213,ざつだん【よなが/#新人Vtuber】,https://youtube.com/watch?v=nTpvNB5dWp0,https://i.ytimg.com/vi/nTpvNB5dWp0/hqdefault.jpg?sqp=-oaymwEcCNACELwBSFXyq4qpAw4IARUAAIhCGAFwAcABBg==&rs=AOn4CLBA1MsDU94301F36tDOBopxXeZqNg,2:07:58
214,【APEX/参加型】はじめてのシーズン……いくつか！【よなが/#新人Vtuber】,https://youtube.com/watch?v=lUOp6-74lI4,https://i.ytimg.com/vi/lUOp6-74lI4/hqdefault.jpg?sqp=-oaymwEcCNACELwBSFXyq4qpAw4IARUAAIhCGAFwAcABBg==&rs=AOn4CLAD3Jp0ebugWuWlNuxmogxXRDXwxg,7:46:14
215,【ch登録者1000人！収益化！】【よなが/#新人Vtuber】,https://youtube.com/watch?v=88eZUJdJ-J4,https://i.ytimg.com/vi/88eZUJdJ-J4/hqdefault.jpg?sqp=-oaymwEcCNACELwBSFXyq4qpAw4IARUAAIhCGAFwAcABBg==&rs=AOn4CLAafZP27K_v7YvQ4a2vHYPmI_niGg,2:46:03
216,【Lobotomy Corporation＃１０】もし飛べないなら走ればいい【よなが/#新人Vtuber】,https://youtube.com/watch?v=BkasPiqTV3k,https://i.ytimg.com/vi/BkasPiqTV3k/hqdefault.jpg?sqp=-oaymwEcCNACELwBSFXyq4qpAw4IARUAAIhCGAFwAcABBg==&rs=AOn4CLCg3JDydgPVwqDbf0qqcJ80KyJGSw,5:04:58
217,【歌枠 /Singing】リクエストうたわく【よなが/#新人Vtuber】,https://youtube.com/watch?v=Dn-q6Dc7vcY,https://i.ytimg.com/vi/Dn-q6Dc7vcY/hqdefault.jpg?sqp=-oaymwEcCNACELwBSFXyq4qpAw4IARUAAIhCGAFwAcABBg==&rs=AOn4CLBdvwjnHU26mW1fTcFaLVUiZ6Qqhw,2:20:35
218,【Lobotomy Corporation＃９】まるで陳腐なハッピーエンド【よなが/#新人Vtuber】,https://youtube.com/watch?v=JvqPIpSOsXA,https://i.ytimg.com/vi/JvqPIpSOsXA/hqdefault.jpg?sqp=-oaymwEcCNACELwBSFXyq4qpAw4IARUAAIhCGAFwAcABBg==&rs=AOn4CLD8fmoobSiIKap1EFqEnX58lHBguA,9:58:05
219,【Lobotomy Corporation＃８】起きて見る夢【よなが/#新人Vtuber】,https://youtube.com/watch?v=j_nOjgRacUY,https://i.ytimg.com/vi/j_nOjgRacUY/hqdefault.jpg?sqp=-oaymwEcCNACELwBSFXyq4qpAw4IARUAAIhCGAFwAcABBg==&rs=AOn4CLCE2lxf3zKJAPi7NrBCIZl-iztdQA,9:46:12
220,【 #ウマ娘 】完全初見！うまぴょいしに行きます！【よなが/#新人Vtuber】,https://youtube.com/watch?v=25pKmAnDves,https://i.ytimg.com/vi/25pKmAnDves/hqdefault.jpg?sqp=-oaymwEcCNACELwBSFXyq4qpAw4IARUAAIhCGAFwAcABBg==&rs=AOn4CLD2CMoON7qLFt8h8twbG7v0yaKaLQ,8:56:53
221,【スマブラSP/参加型】楽しくどつき合いましょう【よなが/#新人Vtuber】,https://youtube.com/watch?v=Ihw-2t4ncTM,https://i.ytimg.com/vi/Ihw-2t4ncTM/hqdefault.jpg?sqp=-oaymwEcCNACELwBSFXyq4qpAw4IARUAAIhCGAFwAcABBg==&rs=AOn4CLCuhfwNGrDXsRltOP_mUXa3WhUDBA,2:24:36
222,【VALORANT】がっつり初心者ばろ【よなが/#新人Vtuber】,https://youtube.com/watch?v=l6WWqOKQsc8,https://i.ytimg.com/vi/l6WWqOKQsc8/hqdefault.jpg?sqp=-oaymwEcCNACELwBSFXyq4qpAw4IARUAAIhCGAFwAcABBg==&rs=AOn4CLAR0UsdagwZ-d5_nks1hE-jd1Gq3A,2:08:47
223,ざつだん【よなが/#新人Vtuber】,https://youtube.com/watch?v=WClxKo99vD0,https://i.ytimg.com/vi/WClxKo99vD0/hqdefault.jpg?sqp=-oaymwEcCNACELwBSFXyq4qpAw4IARUAAIhCGAFwAcABBg==&rs=AOn4CLBRcYSv4LpvU-a1nTxowzAu_HEZPg,1:24:32
224,【 #雀魂 /参加型】たんじゃま【よなが/#新人Vtuber】,https://youtube.com/watch?v=gZxhyVI1_eo,https://i.ytimg.com/vi/gZxhyVI1_eo/hqdefault.jpg?sqp=-oaymwEcCNACELwBSFXyq4qpAw4IARUAAIhCGAFwAcABBg==&rs=AOn4CLC8V1Cgp2n6NzlbibdqrtRIEQehZw,3:49:39
225,水曜日はまんなか【よなが/#新人Vtuber】,https://youtube.com/watch?v=n84rxNP6UNM,https://i.ytimg.com/vi/n84rxNP6UNM/hqdefault.jpg?sqp=-oaymwEcCNACELwBSFXyq4qpAw4IARUAAIhCGAFwAcABBg==&rs=AOn4CLB1kTEEATb1Bdw4EH5CBQJ3m-zKsw,2:13:40
226,【Lobotomy Corporation＃７】届かねばならぬ場所【よなが/#新人Vtuber】,https://youtube.com/watch?v=TGKfPga-Mp0,https://i.ytimg.com/vi/TGKfPga-Mp0/hqdefault.jpg?sqp=-oaymwEcCNACELwBSFXyq4qpAw4IARUAAIhCGAFwAcABBg==&rs=AOn4CLBv5eQqCgI2bV4OTL5TqMPhDP1DAg,9:02:26
227,【シャニマス＃１４】冬優子と行くはじめてのLanding Point！【よなが/#新人Vtuber】,https://youtube.com/watch?v=RBqLRsSRFUE,https://i.ytimg.com/vi/RBqLRsSRFUE/hqdefault.jpg?sqp=-oaymwEcCNACELwBSFXyq4qpAw4IARUAAIhCGAFwAcABBg==&rs=AOn4CLApbga6BCsuasoAgDxed7nQKv_lBQ,4:14:21
228,【Overwatch】ひつまぶしオーバーウォッチ【よなが/#新人Vtuber】,https://youtube.com/watch?v=cEfbA84qrAw,https://i.ytimg.com/vi/cEfbA84qrAw/hqdefault.jpg?sqp=-oaymwEcCNACELwBSFXyq4qpAw4IARUAAIhCGAFwAcABBg==&rs=AOn4CLCPP7y3CkMyfdUexW3-fz-P3iAlSQ,3:23:06
229,【ポケモンBDSP＃７】かちます【よなが/#新人Vtuber】,https://youtube.com/watch?v=Sjuw0Ep9sec,https://i.ytimg.com/vi/Sjuw0Ep9sec/hqdefault.jpg?sqp=-oaymwEcCNACELwBSFXyq4qpAw4IARUAAIhCGAFwAcABBg==&rs=AOn4CLB3PMmpmO4iUW9lOkpnLr69y6F7IQ,3:32:13
230,みんな今週も頑張っててとってもえらい【よなが/#新人Vtuber】,https://youtube.com/watch?v=qgS21KZABjE,https://i.ytimg.com/vi/qgS21KZABjE/hqdefault.jpg?sqp=-oaymwEcCNACELwBSFXyq4qpAw4IARUAAIhCGAFwAcABBg==&rs=AOn4CLCt76oDoqWV1Pxr7fP7MTjxUxcRaQ,3:46:12
231,【モンハンライズ/参加型】使ったことない武器種を作っていきたい！【よなが/#新人Vtuber】,https://youtube.com/watch?v=RArnuZr7018,https://i.ytimg.com/vi/RArnuZr7018/hqdefault.jpg?sqp=-oaymwEcCNACELwBSFXyq4qpAw4IARUAAIhCGAFwAcABBg==&rs=AOn4CLAesxjwimdTcCEoAIujl3X9pp9IWA,3:22:06
232,【レムレスブルーの午前2時 完結】僕は幽霊に恋をする。【よなが/#新人Vtuber】,https://youtube.com/watch?v=gCBKGhCkcfE,https://i.ytimg.com/vi/gCBKGhCkcfE/hqdefault.jpg?sqp=-oaymwEcCNACELwBSFXyq4qpAw4IARUAAIhCGAFwAcABBg==&rs=AOn4CLC_XSkDslt2EjRQwgf9YcU05G-WOw,2:43:55
233,【Lobotomy Corporation＃６】向き合うということ【よなが/#新人Vtuber】,https://youtube.com/watch?v=v6OwUeZNLxE,https://i.ytimg.com/vi/v6OwUeZNLxE/hqdefault.jpg?sqp=-oaymwEcCNACELwBSFXyq4qpAw4IARUAAIhCGAFwAcABBg==&rs=AOn4CLB-A1OSbyRdzlddiMdGC-T3J4-R5Q,10:25:08
234,【Visage/ホラー＃２】おやかた探索【よなが/#新人Vtuber】,https://youtube.com/watch?v=zuq_dpQTdMI,https://i.ytimg.com/vi/zuq_dpQTdMI/hqdefault.jpg?sqp=-oaymwEcCNACELwBSFXyq4qpAw4IARUAAIhCGAFwAcABBg==&rs=AOn4CLBMTKXLO2gq6MWVkM8VDt1PEepY6g,4:08:18
235,【ざつだん】半年を迎えましたが、のんびりするだけです【よなが/#新人Vtuber】,https://youtube.com/watch?v=ZYA6eXAEIu0,https://i.ytimg.com/vi/ZYA6eXAEIu0/hqdefault.jpg?sqp=-oaymwEcCNACELwBSFXyq4qpAw4IARUAAIhCGAFwAcABBg==&rs=AOn4CLCfndFrhMTU7PuFfCCTbCrAE-U5Nw,2:01:50
236,【Lobotomy Corporation＃５】明日を迎えに行く【よなが/#新人Vtuber】,https://youtube.com/watch?v=9CW_DLDMIzo,https://i.ytimg.com/vi/9CW_DLDMIzo/hqdefault.jpg?sqp=-oaymwEcCNACELwBSFXyq4qpAw4IARUAAIhCGAFwAcABBg==&rs=AOn4CLAxQg5v9mWk-xa8wiehqjJhzF7Ldg,5:23:57
237,【Lobotomy Corporation＃４】　［規制済み］　【よなが/#新人Vtuber】,https://youtube.com/watch?v=UfQLv8N3IK4,https://i.ytimg.com/vi/UfQLv8N3IK4/hqdefault.jpg?sqp=-oaymwEcCNACELwBSFXyq4qpAw4IARUAAIhCGAFwAcABBg==&rs=AOn4CLDclMZxmcYggyWgMCtG3RNVifsA3w,6:28:27
238,【ダークソウル/DARK SOULS】はじめてのフロム！はじめてのダクソ！＃６【よなが/#新人Vtuber】,https://youtube.com/watch?v=vv7iMymxpjg,https://i.ytimg.com/vi/vv7iMymxpjg/hqdefault.jpg?sqp=-oaymwEcCNACELwBSFXyq4qpAw4IARUAAIhCGAFwAcABBg==&rs=AOn4CLCT7AAXQ-NMeot46sbtmHdjm3t6NQ,7:14:32
239,【Muse Dash】なにやら可愛くてえっちな音ゲーみたいです。【よなが/#新人Vtuber】,https://youtube.com/watch?v=tdJHkjkE2P0&t=2078s,https://i.ytimg.com/vi/tdJHkjkE2P0/hqdefault.jpg?sqp=-oaymwEcCNACELwBSFXyq4qpAw4IARUAAIhCGAFwAcABBg==&rs=AOn4CLBfZj6tkRM4TczyfwCibqTsNFvcHQ,1:44:23
240,【ダークソウル/DARK SOULS】はじめてのフロム！はじめてのダクソ！＃５【よなが/#新人Vtuber】,https://youtube.com/watch?v=awTA7mSArZI,https://i.ytimg.com/vi/awTA7mSArZI/hqdefault.jpg?sqp=-oaymwEcCNACELwBSFXyq4qpAw4IARUAAIhCGAFwAcABBg==&rs=AOn4CLBkS-3Z-1nevQRBm1RfCwWruTkssA,5:09:46
241,【Lobotomy Corporation＃3】観測レベルの上昇を確認【よなが/#新人Vtuber】,https://youtube.com/watch?v=qorh1_Be_as,https://i.ytimg.com/vi/qorh1_Be_as/hqdefault.jpg?sqp=-oaymwEcCNACELwBSFXyq4qpAw4IARUAAIhCGAFwAcABBg==&rs=AOn4CLCllZ6x2CWogRpqdP0Io4OIhpTjuQ,7:57:39
242,【ダークソウル/DARK SOULS】はじめてのフロム！はじめてのダクソ！＃４【よなが/#新人Vtuber】,https://youtube.com/watch?v=zlL38Bot75M,https://i.ytimg.com/vi/zlL38Bot75M/hqdefault.jpg?sqp=-oaymwEcCNACELwBSFXyq4qpAw4IARUAAIhCGAFwAcABBg==&rs=AOn4CLBhazMuKenpY3DgZALWjPMNk6z5jQ,6:02:21
243,【Lobotomy Corporation＃2】本能、洞察、愛着、抑制【よなが/#新人Vtuber】,https://youtube.com/watch?v=hythm-OK8gk,https://i.ytimg.com/vi/hythm-OK8gk/hqdefault.jpg?sqp=-oaymwEcCNACELwBSFXyq4qpAw4IARUAAIhCGAFwAcABBg==&rs=AOn4CLCyTp0mbIXoy9dX-KUQmBDBYpVS2g,6:02:32
244,【ダークソウル/DARK SOULS】はじめてのフロム！はじめてのダクソ！＃３【よなが/#新人Vtuber】,https://youtube.com/watch?v=COeqZ3wx7lg,https://i.ytimg.com/vi/COeqZ3wx7lg/hqdefault.jpg?sqp=-oaymwEcCNACELwBSFXyq4qpAw4IARUAAIhCGAFwAcABBg==&rs=AOn4CLCaFZ8CKG2XRroekpRx8aklU-BAzQ,5:07:52
245,【Lobotomy Corporation】今日から君の管理をします。【よなが/#新人Vtuber】,https://youtube.com/watch?v=9wYsFxVAVCQ,https://i.ytimg.com/vi/9wYsFxVAVCQ/hqdefault.jpg?sqp=-oaymwEcCNACELwBSFXyq4qpAw4IARUAAIhCGAFwAcABBg==&rs=AOn4CLCUb8Z71NBbMRq-Ub1z2YTrlEj67Q,5:55:13
246,【ダークソウル/DARK SOULS】はじめてのフロム！はじめてのダクソ！＃２【よなが/#新人Vtuber】,https://youtube.com/watch?v=E1f5JxoEFa0,https://i.ytimg.com/vi/E1f5JxoEFa0/hqdefault.jpg?sqp=-oaymwEcCNACELwBSFXyq4qpAw4IARUAAIhCGAFwAcABBg==&rs=AOn4CLBbLTFds8ELAUvseen-_BtcxCo3rg,8:25:34
247,【ダークソウル/DARK SOULS】はじめてのフロム！はじめてのダクソ！【よなが/#新人Vtuber】,https://youtube.com/watch?v=kNEZEGsTRVI,https://i.ytimg.com/vi/kNEZEGsTRVI/hqdefault.jpg?sqp=-oaymwEcCNACELwBSFXyq4qpAw4IARUAAIhCGAFwAcABBg==&rs=AOn4CLDL7T0V9pRFkMfMdIf0rZvA8140vg,8:50:31
248,今年もお世話になりました。【よなが/#新人Vtuber】,https://youtube.com/watch?v=6kqS2P_VjRw,https://i.ytimg.com/vi/6kqS2P_VjRw/hqdefault.jpg?sqp=-oaymwEcCNACELwBSFXyq4qpAw4IARUAAIhCGAFwAcABBg==&rs=AOn4CLD93UY2FvgQnfpYGwbjKJAlweIYxw,1:10:26
249,【シャニマス＃１３】めいちゃんと行くG.R.A.D！【よなが/#新人Vtuber】,https://youtube.com/watch?v=nXE2-eAgRbk,https://i.ytimg.com/vi/nXE2-eAgRbk/hqdefault.jpg?sqp=-oaymwEcCNACELwBSFXyq4qpAw4IARUAAIhCGAFwAcABBg==&rs=AOn4CLAjcMZk5Q1WdOBZMeSl_3xjEnjQ7g,4:42:08
250,【APEX/参加型・VC有】年忘れAPEX！【よなが/#新人Vtuber】,https://youtube.com/watch?v=fPHB4rIUEM8,https://i.ytimg.com/vi/fPHB4rIUEM8/hqdefault.jpg?sqp=-oaymwEcCNACELwBSFXyq4qpAw4IARUAAIhCGAFwAcABBg==&rs=AOn4CLDedmTYbY7TVNnzgwlbOUr6mHlvSg,10:11:51
251,【雀魂/参加型】年忘れじゃんたま！【よなが/#新人Vtuber】,https://youtube.com/watch?v=tMxtC1UDA-w,https://i.ytimg.com/vi/tMxtC1UDA-w/hqdefault.jpg?sqp=-oaymwEcCNACELwBSFXyq4qpAw4IARUAAIhCGAFwAcABBg==&rs=AOn4CLAoaGkg-aWXS7uXUAsMp05rmWojgg,6:22:04
252,【ポケモンユナイト/参加型・VC有】年忘れユナイト！【よなが/#新人Vtuber】,https://youtube.com/watch?v=QRIXPgcImag,https://i.ytimg.com/vi/QRIXPgcImag/hqdefault.jpg?sqp=-oaymwEcCNACELwBSFXyq4qpAw4IARUAAIhCGAFwAcABBg==&rs=AOn4CLBEHoNBZfc_m2mhpPA4wmjf5jG8Iw,3:16:50
253,【シャニマス＃特別編！】新人Ｐ５名と観る『Xmas Party -Silent night- Day 1』【#新人Vtuber】,https://youtube.com/watch?v=uGJwwjJ2ulI,https://i.ytimg.com/vi/uGJwwjJ2ulI/hqdefault.jpg?sqp=-oaymwEcCNACELwBSFXyq4qpAw4IARUAAIhCGAFwAcABBg==&rs=AOn4CLBVIbufbs0JVHi20h29WbUNCs7lqg,4:05:53
254,【ヴァロラント】なんか見てると元気になるVALORANTコラボ【よなが/#新人Vtuber】,https://youtube.com/watch?v=8d521Nb-hXg,https://i.ytimg.com/vi/8d521Nb-hXg/hqdefault.jpg?sqp=-oaymwEcCNACELwBSFXyq4qpAw4IARUAAIhCGAFwAcABBg==&rs=AOn4CLAGasYyhJQhTEyPsEGu-rO04PXJ4A,4:12:31
255,【1000人耐久？/歌枠】もうすぐデビューから5ヶ月です。いつもありがとう！【よなが/#新人Vtuber】,https://youtube.com/watch?v=U0xfEA5cHYk,https://i.ytimg.com/vi/U0xfEA5cHYk/hqdefault.jpg?sqp=-oaymwEcCNACELwBSFXyq4qpAw4IARUAAIhCGAFwAcABBg==&rs=AOn4CLAoqZyW57_kJ1mGCBDS_9ng_D4mPA,8:11:51
256,【ポケモンBDSP＃６】ジムバッジ8個目を目指して！ストーリー編！【よなが/#新人Vtuber】,https://youtube.com/watch?v=eQkXPlM8GXw,https://i.ytimg.com/vi/eQkXPlM8GXw/hqdefault.jpg?sqp=-oaymwEcCNACELwBSFXyq4qpAw4IARUAAIhCGAFwAcABBg==&rs=AOn4CLDk3LTFRE4h26p7UUR27DZFzZWYdw,2:28:07
257,【ヴァロラント】初心者あるなつ戦場へ行く【よなが/#新人Vtuber】,https://youtube.com/watch?v=mOcWBQ5K07U,https://i.ytimg.com/vi/mOcWBQ5K07U/hqdefault.jpg?sqp=-oaymwEcCNACELwBSFXyq4qpAw4IARUAAIhCGAFwAcABBg==&rs=AOn4CLAIUUYQQlGZEZ1YIxcGCf8CpFCl1w,3:25:33
258,【雀魂/参加型】麻雀を少々よろしいでしょうか【よなが/#新人Vtuber】,https://youtube.com/watch?v=SXQTQz-baz0,https://i.ytimg.com/vi/SXQTQz-baz0/hqdefault.jpg?sqp=-oaymwEcCNACELwBSFXyq4qpAw4IARUAAIhCGAFwAcABBg==&rs=AOn4CLA2l43R2vLIJxDzthNw3urdNcwK0Q,2:22:29
259,【ゼルダの伝説BotW Part.7】女の子になりました。【よなが/#新人Vtuber】,https://youtube.com/watch?v=-VJLlgCVFLY,https://i.ytimg.com/vi/-VJLlgCVFLY/hqdefault.jpg?sqp=-oaymwEcCNACELwBSFXyq4qpAw4IARUAAIhCGAFwAcABBg==&rs=AOn4CLCuKZIqNffY0f49GxY3ZTH_vgVOew,3:44:48
260,【シャニマス＃特別編！】新人Ｐ５名で読む『きよしこの夜-プレゼン・フォー・ユー！-』【#新人Vtuber】,https://youtube.com/watch?v=P7AfTf_EjJQ,https://i.ytimg.com/vi/P7AfTf_EjJQ/hqdefault.jpg?sqp=-oaymwEcCNACELwBSFXyq4qpAw4IARUAAIhCGAFwAcABBg==&rs=AOn4CLCwGLeImemVZm-b610b2wYCAhCegw,3:27:44
261,ちょっとぶりの雑談【よなが/#新人Vtuber】,https://youtube.com/watch?v=MfB1f7ALrw8,https://i.ytimg.com/vi/MfB1f7ALrw8/hqdefault.jpg?sqp=-oaymwEcCNACELwBSFXyq4qpAw4IARUAAIhCGAFwAcABBg==&rs=AOn4CLDbV9xjD5TzWUx5rgUGAPFOHAGFIw,1:32:50
262,【ヴァロラント】はじめての！【よなが/#新人Vtuber】,https://youtube.com/watch?v=7n4BsELias0,https://i.ytimg.com/vi/7n4BsELias0/hqdefault.jpg?sqp=-oaymwEcCNACELwBSFXyq4qpAw4IARUAAIhCGAFwAcABBg==&rs=AOn4CLB48Uyez9zLfOH173mv2r5GbJdPgQ,1:52:01
263,【APEX/参加型】ともだち乞食配信【よなが/#新人Vtuber】,https://youtube.com/watch?v=PumHxaOXcgY,https://i.ytimg.com/vi/PumHxaOXcgY/hqdefault.jpg?sqp=-oaymwEcCNACELwBSFXyq4qpAw4IARUAAIhCGAFwAcABBg==&rs=AOn4CLByxWNzaN1bzEusOo71teWgGdAzWw,3:16:17
264,【Visage/ホラー】久しぶりのホラーゲーム！【よなが/#新人Vtuber】,https://youtube.com/watch?v=QlTga6LVUaM,https://i.ytimg.com/vi/QlTga6LVUaM/hqdefault.jpg?sqp=-oaymwEcCNACELwBSFXyq4qpAw4IARUAAIhCGAFwAcABBg==&rs=AOn4CLCsvf2zZr7oSvz_jrAX3pvJKVhICA,3:20:57
265,【ポケモンBDSP＃５】ジムバッジ6個目、仲間6匹目を求めて【よなが/#新人Vtuber】,https://youtube.com/watch?v=REqMvS0dg90,https://i.ytimg.com/vi/REqMvS0dg90/hqdefault.jpg?sqp=-oaymwEcCNACELwBSFXyq4qpAw4IARUAAIhCGAFwAcABBg==&rs=AOn4CLD1Cr6LThczjQ02KYS2IUNf_2Dpaw,3:39:21
266,【シャニマス＃１２】あさひさんと行くG.R.A.D！【よなが/#新人Vtuber】,https://youtube.com/watch?v=4t7vE_g4XA8,https://i.ytimg.com/vi/4t7vE_g4XA8/hqdefault.jpg?sqp=-oaymwEcCNACELwBSFXyq4qpAw4IARUAAIhCGAFwAcABBg==&rs=AOn4CLAstzWtnAfhkXafEYKrjmm0Bg7c1Q,3:14:58
267,【レムレスブルーの午前2時 Part.8】僕は幽霊に恋をする。 【よなが/#新人Vtuber】,https://youtube.com/watch?v=DiBVdAnVdn8,https://i.ytimg.com/vi/DiBVdAnVdn8/hqdefault.jpg?sqp=-oaymwEcCNACELwBSFXyq4qpAw4IARUAAIhCGAFwAcABBg==&rs=AOn4CLDBUZ1srooPJQ98VufghsajayrIfQ,2:37:33
268,【ゼルダの伝説BotW Part.6】神獣どこですか【よなが/#新人Vtuber】,https://youtube.com/watch?v=xzvlJvZK5e0,https://i.ytimg.com/vi/xzvlJvZK5e0/hqdefault.jpg?sqp=-oaymwEcCNACELwBSFXyq4qpAw4IARUAAIhCGAFwAcABBg==&rs=AOn4CLCTRxv6_8y0z84skGf8mA2t08r2-g,2:19:35
269,【モンハンライズ/参加型】はじめてのお散歩Rise【よなが/#新人Vtuber】,https://youtube.com/watch?v=XoB1bOc46Ys,https://i.ytimg.com/vi/XoB1bOc46Ys/hqdefault.jpg?sqp=-oaymwEcCNACELwBSFXyq4qpAw4IARUAAIhCGAFwAcABBg==&rs=AOn4CLASQ4I1nrFWuoaEGmyzzXup4WiMeQ,4:02:38
270,【ポケモンBDSP＃４】4つ目のバッジを奪いに行く！【よなが/#新人Vtuber】,https://youtube.com/watch?v=FYbx-STG3CU,https://i.ytimg.com/vi/FYbx-STG3CU/hqdefault.jpg?sqp=-oaymwEcCNACELwBSFXyq4qpAw4IARUAAIhCGAFwAcABBg==&rs=AOn4CLCUZO6zUFczutyaOC9qF3yRNHip9g,4:40:07
271,【レムレスブルーの午前2時 Part.7】僕は幽霊に恋をする。 【よなが/#新人Vtuber】,https://youtube.com/watch?v=FaOlLiMBbiM,https://i.ytimg.com/vi/FaOlLiMBbiM/hqdefault.jpg?sqp=-oaymwEcCNACELwBSFXyq4qpAw4IARUAAIhCGAFwAcABBg==&rs=AOn4CLAimoPc3YwmqRF-duhXeV13xVi2kA,1:56:04
272,【ポケモンBDSP＃３】トバリのジムリーダー！【よなが/#新人Vtuber】,https://youtube.com/watch?v=l-OrZZnbpT4,https://i.ytimg.com/vi/l-OrZZnbpT4/hqdefault.jpg?sqp=-oaymwEcCNACELwBSFXyq4qpAw4IARUAAIhCGAFwAcABBg==&rs=AOn4CLC6lu1eQWpn4X0cYI5tsDRrXq_Jrw,2:16:06
273,【ポケモンBDSP＃２】バッジ2個目からはじまるダイヤモンド！【よなが/#新人Vtuber】,https://youtube.com/watch?v=G0EXwaSZyf8,https://i.ytimg.com/vi/G0EXwaSZyf8/hqdefault.jpg?sqp=-oaymwEcCNACELwBSFXyq4qpAw4IARUAAIhCGAFwAcABBg==&rs=AOn4CLA5LV0HhyZrhCCXXd1VDKDmXEO28Q,4:04:56
274,【Dead by Daylight】やる度に久しぶりですね。【よなが/#新人Vtuber】,https://youtube.com/watch?v=vjOX_3dXoT8,https://i.ytimg.com/vi/vjOX_3dXoT8/hqdefault.jpg?sqp=-oaymwEcCNACELwBSFXyq4qpAw4IARUAAIhCGAFwAcABBg==&rs=AOn4CLBUXaXxIUt-oHhRIQm0W3bVgIsE0Q,2:05:37
275,【ポケモンBDSP＃１】はじめてのダイヤモンド！【よなが/#新人Vtuber】,https://youtube.com/watch?v=u-dsBpJdIvo,https://i.ytimg.com/vi/u-dsBpJdIvo/hqdefault.jpg?sqp=-oaymwEcCNACELwBSFXyq4qpAw4IARUAAIhCGAFwAcABBg==&rs=AOn4CLAT6B-_pMdi8m_lMJNfZ0aarltwaQ,8:01:56
276,【ゼルダの伝説BotW Part.5】いざ、神獣の解放へ！【よなが/#新人Vtuber】,https://youtube.com/watch?v=B6sW5cxBhg8,https://i.ytimg.com/vi/B6sW5cxBhg8/hqdefault.jpg?sqp=-oaymwEcCNACELwBSFXyq4qpAw4IARUAAIhCGAFwAcABBg==&rs=AOn4CLAj6yN1FtDDeN1sadHw9AroOafa6w,2:06:35
277,【ポケモンユナイト/参加型】ダイヤモンド・パール・ジュナイパー【よなが/#新人Vtuber】,https://youtube.com/watch?v=tJGbGV3sBHg,https://i.ytimg.com/vi/tJGbGV3sBHg/hqdefault.jpg?sqp=-oaymwEcCNACELwBSFXyq4qpAw4IARUAAIhCGAFwAcABBg==&rs=AOn4CLBVKFVKQmWEF_8J8jozRkN76tavQQ,3:41:31
278,【シャニマス＃１１】冬優子と行くはじめてのG.R.A.D！【よなが/#新人Vtuber】,https://youtube.com/watch?v=nPGKafR7CWY,https://i.ytimg.com/vi/nPGKafR7CWY/hqdefault.jpg?sqp=-oaymwEcCNACELwBSFXyq4qpAw4IARUAAIhCGAFwAcABBg==&rs=AOn4CLBQx0lS0kNAkSB4sdwPill1wenoqQ,3:47:44
279,木曜日の雑談【よなが/#新人Vtuber】,https://youtube.com/watch?v=tPUKbfPlD-A,https://i.ytimg.com/vi/tPUKbfPlD-A/hqdefault.jpg?sqp=-oaymwEcCNACELwBSFXyq4qpAw4IARUAAIhCGAFwAcABBg==&rs=AOn4CLAHnW0qRLWLD13lyr3cF6AnBSnI4w,2:41:53
280,【シャニマス＃１０】Run 4 ??? を読む。【よなが/#新人Vtuber】,https://youtube.com/watch?v=OfDlZFPPejg,https://i.ytimg.com/vi/OfDlZFPPejg/hqdefault.jpg?sqp=-oaymwEcCNACELwBSFXyq4qpAw4IARUAAIhCGAFwAcABBg==&rs=AOn4CLAXJZr9PgP3YDOa0fGIJ48P0wHj_w,2:20:31
281,【APEX/参加型】配信でならだれか遊んでくれるかなって【よなが/#新人Vtuber】,https://youtube.com/watch?v=pMBZIAOx2L0,https://i.ytimg.com/vi/pMBZIAOx2L0/hqdefault.jpg?sqp=-oaymwEcCNACELwBSFXyq4qpAw4IARUAAIhCGAFwAcABBg==&rs=AOn4CLDQ4KfnHCmxQ7XMHvYlRJ02N7upkA,10:22:14
282,【ゼルダの伝説BotW Part.4】ハテノ研究所！【よなが/#新人Vtuber】,https://youtube.com/watch?v=TkzpyC8Jgxs,https://i.ytimg.com/vi/TkzpyC8Jgxs/hqdefault.jpg?sqp=-oaymwEcCNACELwBSFXyq4qpAw4IARUAAIhCGAFwAcABBg==&rs=AOn4CLAV2fZIyKX8p8cYu5lP59ESauFA7Q,2:39:49
283,【マイクラ/甘崎家鯖】はじめてのマインクラフト【よなが/#新人Vtuber】,https://youtube.com/watch?v=ItN014Qv5sg&t=4s,https://i.ytimg.com/vi/ItN014Qv5sg/hqdefault.jpg?sqp=-oaymwEcCNACELwBSFXyq4qpAw4IARUAAIhCGAFwAcABBg==&rs=AOn4CLBNYyw23xpUZcHh6E-G_L4wFRHGcQ,2:30:26
284,【雀魂/参加型】みんなで仲良く麻雀しましょ【よなが/#新人Vtuber】,https://youtube.com/watch?v=DGq_Wv7l60o,https://i.ytimg.com/vi/DGq_Wv7l60o/hqdefault.jpg?sqp=-oaymwEcCNACELwBSFXyq4qpAw4IARUAAIhCGAFwAcABBg==&rs=AOn4CLA9Anczpq3bbrGYZSCvtE7Kb2Dn9A,3:12:32
285,【レムレスブルーの午前2時 Part.6】僕は幽霊に恋をする。 【よなが/#新人Vtuber】,https://youtube.com/watch?v=HpGscoiaUmU,https://i.ytimg.com/vi/HpGscoiaUmU/hqdefault.jpg?sqp=-oaymwEcCNACELwBSFXyq4qpAw4IARUAAIhCGAFwAcABBg==&rs=AOn4CLBn9v30cdV7oZsRjyulyf8l-dMNVA,2:36:48
286,【雑談】また1週間はじまったらしいので【よなが/#新人Vtuber】,https://youtube.com/watch?v=6m9ukr8-fMk,https://i.ytimg.com/vi/6m9ukr8-fMk/hqdefault.jpg?sqp=-oaymwEcCNACELwBSFXyq4qpAw4IARUAAIhCGAFwAcABBg==&rs=AOn4CLAGI6HLMtMJSmH84MC53BYmt-blUQ,1:10:37
287,【ゼルダの伝説BotW Part.3】うしみつどき【よなが/#新人Vtuber】,https://youtube.com/watch?v=3IyQN_03zp0,https://i.ytimg.com/vi/3IyQN_03zp0/hqdefault.jpg?sqp=-oaymwEcCNACELwBSFXyq4qpAw4IARUAAIhCGAFwAcABBg==&rs=AOn4CLBak6WmBjvz84eHC69bNt6Hmsq-4w,2:14:01
288,【シャニマス＃９】The Straylightを読む。【よなが/#新人Vtuber】,https://youtube.com/watch?v=UBEvpKG34nc,https://i.ytimg.com/vi/UBEvpKG34nc/hqdefault.jpg?sqp=-oaymwEcCNACELwBSFXyq4qpAw4IARUAAIhCGAFwAcABBg==&rs=AOn4CLCIUW_VcjWrSx0IpwfOA6MJi15kAQ,2:43:26
289,【ざつだん】おひるざつだん【よなが/#新人Vtuber】,https://youtube.com/watch?v=9OPSfM2Smsg,https://i.ytimg.com/vi/9OPSfM2Smsg/hqdefault.jpg?sqp=-oaymwEcCNACELwBSFXyq4qpAw4IARUAAIhCGAFwAcABBg==&rs=AOn4CLBQLb1xI8QYG90jR1sMmHTVT7jw6A,2:05:40
290,【APEX/参加型】TLで呼びかけても誰も遊んでくれないので【よなが/#新人Vtuber】,https://youtube.com/watch?v=siu7BIe_ywU,https://i.ytimg.com/vi/siu7BIe_ywU/hqdefault.jpg?sqp=-oaymwEcCNACELwBSFXyq4qpAw4IARUAAIhCGAFwAcABBg==&rs=AOn4CLAdaf1-9nFLNOe6N1jATRUcO_rnEg,3:30:32
291,【ざつだん】秋の夜長もおしまいです。【よなが/#新人Vtuber】,https://youtube.com/watch?v=qQBsdO5i4Fo,https://i.ytimg.com/vi/qQBsdO5i4Fo/hqdefault.jpg?sqp=-oaymwEcCNACELwBSFXyq4qpAw4IARUAAIhCGAFwAcABBg==&rs=AOn4CLAaYnAtArziynN_rqnxVEEfYs912w,2:26:48
292,【ポケモンユナイト/参加型】最近カエルを使うようになりました【よなが/#新人Vtuber】,https://youtube.com/watch?v=q0dom7LY4xk,https://i.ytimg.com/vi/q0dom7LY4xk/hqdefault.jpg?sqp=-oaymwEcCNACELwBSFXyq4qpAw4IARUAAIhCGAFwAcABBg==&rs=AOn4CLAEZeeMYIPEgyRJfnBIeQA9CzERiA,3:15:18
293,【ゼルダの伝説BotW Part.2】コントローラーを壊さない。【よなが/#新人Vtuber】,https://youtube.com/watch?v=cw0MVl51fMU,https://i.ytimg.com/vi/cw0MVl51fMU/hqdefault.jpg?sqp=-oaymwEcCNACELwBSFXyq4qpAw4IARUAAIhCGAFwAcABBg==&rs=AOn4CLBet3T1_OFFVRhq_OiZtGWj7PCItQ,2:57:55
294,【寝かしつけ/囁き】みんなで2時までに寝ましょう♯12【よなが/#新人Vtuber】,https://youtube.com/watch?v=c0VlsZ9ZC0s,https://i.ytimg.com/vi/c0VlsZ9ZC0s/hqdefault.jpg?sqp=-oaymwEcCNACELwBSFXyq4qpAw4IARUAAIhCGAFwAcABBg==&rs=AOn4CLBz0W2vgdSKivS__F3bq75f-GMNNQ,1:04:44
295,【レムレスブルーの午前2時 Part.5】僕は幽霊に恋をする。 【よなが/#新人Vtuber】,https://youtube.com/watch?v=aMhvMDVjjcw,https://i.ytimg.com/vi/aMhvMDVjjcw/hqdefault.jpg?sqp=-oaymwEcCNACELwBSFXyq4qpAw4IARUAAIhCGAFwAcABBg==&rs=AOn4CLAitvmNhoZzd78jxt6H7P1wRHEs3Q,2:04:38
296,【シャニマス＃８】WorldEnd:BreakDownを読む。【よなが/#新人Vtuber】,https://youtube.com/watch?v=tCW_NZCC9tc,https://i.ytimg.com/vi/tCW_NZCC9tc/hqdefault.jpg?sqp=-oaymwEcCNACELwBSFXyq4qpAw4IARUAAIhCGAFwAcABBg==&rs=AOn4CLAg-bzY7Atw-I9WDobHMU3kdrMbpA,2:01:41
297,【シャニマス＃７】はじめてのファン感謝祭！～オフレコ冬優子～【よなが/#新人Vtuber】,https://youtube.com/watch?v=2voZJRYNRIs,https://i.ytimg.com/vi/2voZJRYNRIs/hqdefault.jpg?sqp=-oaymwEcCNACELwBSFXyq4qpAw4IARUAAIhCGAFwAcABBg==&rs=AOn4CLDHv5DeKu--2hAoeNHCDtFU96n-mg,3:00:05
298,【ゼルダの伝説BotW】僕が伝説の勇者です【よなが/#新人Vtuber】,https://youtube.com/watch?v=xj9GCC6ne94,https://i.ytimg.com/vi/xj9GCC6ne94/hqdefault.jpg?sqp=-oaymwEcCNACELwBSFXyq4qpAw4IARUAAIhCGAFwAcABBg==&rs=AOn4CLDxwtP0ehdzt2g2maWyALofrnhIjw,3:01:37
299,【ざつだん】予定表なんてない【よなが/#新人Vtuber】,https://youtube.com/watch?v=9l6zwVvKgbg,https://i.ytimg.com/vi/9l6zwVvKgbg/hqdefault.jpg?sqp=-oaymwEcCNACELwBSFXyq4qpAw4IARUAAIhCGAFwAcABBg==&rs=AOn4CLA5oWVg_jgN3gIInEHGZq-gKq9Z7Q,1:45:25
300,【3ヶ月ありがとう/歌枠】感謝を込めて【よなが/#新人Vtuber】,https://youtube.com/watch?v=1LZ79uv6vR4&t=29s,https://i.ytimg.com/vi/1LZ79uv6vR4/hqdefault.jpg?sqp=-oaymwEcCNACELwBSFXyq4qpAw4IARUAAIhCGAFwAcABBg==&rs=AOn4CLAU2r6Fu4XV8PZ4BtgX4DIWK86LaQ,2:16:02
301,【寝かしつけ/囁き】みんなで2時までに寝ましょう♯11【よなが/#新人Vtuber】,https://youtube.com/watch?v=eCINogRR9j4,https://i.ytimg.com/vi/eCINogRR9j4/hqdefault.jpg?sqp=-oaymwEcCNACELwBSFXyq4qpAw4IARUAAIhCGAFwAcABBg==&rs=AOn4CLARabWnVlphE0kBsB9Hh4--Woy5MQ,1:08:54
302,【ポケモンユナイト/参加型】鳥を買いました【よなが/#新人Vtuber】,https://youtube.com/watch?v=71I4EK5tNbQ,https://i.ytimg.com/vi/71I4EK5tNbQ/hqdefault.jpg?sqp=-oaymwEcCNACELwBSFXyq4qpAw4IARUAAIhCGAFwAcABBg==&rs=AOn4CLDM_b_50w6K5Aeuq6BsUo3xwd8MuA,2:14:08
303,【寝かしつけ/囁き】みんなで2時までに寝ましょう♯10【よなが/#新人Vtuber】,https://youtube.com/watch?v=AV-LwlY-r6k,https://i.ytimg.com/vi/AV-LwlY-r6k/hqdefault.jpg?sqp=-oaymwEcCNACELwBSFXyq4qpAw4IARUAAIhCGAFwAcABBg==&rs=AOn4CLCy_LMoIZRPGWMAW_huovWApJXPWw,1:05:15
304,【Apex Legends】なんか見てると元気になるAPEXコラボ【よなが/#新人Vtuber】,https://youtube.com/watch?v=ZXde9UxbVJw,https://i.ytimg.com/vi/ZXde9UxbVJw/hqdefault.jpg?sqp=-oaymwEcCNACELwBSFXyq4qpAw4IARUAAIhCGAFwAcABBg==&rs=AOn4CLA5hmp9ps5sq3uJg73-oMchtRU-Lw,2:00:32
305,【Apex Legends】人とやるために少し練習をしたい【よなが/#新人Vtuber】,https://youtube.com/watch?v=hfGDTyJPgGA,https://i.ytimg.com/vi/hfGDTyJPgGA/hqdefault.jpg?sqp=-oaymwEcCNACELwBSFXyq4qpAw4IARUAAIhCGAFwAcABBg==&rs=AOn4CLAt2sEbZxam3ACgnlx9Je2TAxnk1A,1:13:05
306,【寝かしつけ/囁き】みんなで2時までに寝ましょう♯9【よなが/#新人Vtuber】,https://youtube.com/watch?v=q3IAlCeXTAU,https://i.ytimg.com/vi/q3IAlCeXTAU/hqdefault.jpg?sqp=-oaymwEcCNACELwBSFXyq4qpAw4IARUAAIhCGAFwAcABBg==&rs=AOn4CLB76xepL2VcHEGEE3pm_KqvYZDbvA,1:05:51
307,【レムレスブルーの午前2時 Part.4】僕は幽霊に恋をする。 【よなが/#新人Vtuber】,https://youtube.com/watch?v=epg8LuKGUcc,https://i.ytimg.com/vi/epg8LuKGUcc/hqdefault.jpg?sqp=-oaymwEcCNACELwBSFXyq4qpAw4IARUAAIhCGAFwAcABBg==&rs=AOn4CLBBiR4MNvM8RqY9bjlYbk0zgQKEbQ,2:20:42
308,【ざつだん】10月5日【よなが/#新人Vtuber】,https://youtube.com/watch?v=_nLaPAHxr_M,https://i.ytimg.com/vi/_nLaPAHxr_M/hqdefault.jpg?sqp=-oaymwEcCNACELwBSFXyq4qpAw4IARUAAIhCGAFwAcABBg==&rs=AOn4CLCd_rYgz9qmXJWNMA411Hg3q27R4w,1:40:06
309,【シャニマス＃６】straylight.run() を読む。【よなが/#新人Vtuber】,https://youtube.com/watch?v=7O_x-NiHWKw&t=14s,https://i.ytimg.com/vi/7O_x-NiHWKw/hqdefault.jpg?sqp=-oaymwEcCNACELwBSFXyq4qpAw4IARUAAIhCGAFwAcABBg==&rs=AOn4CLDlY-DasCOV_QCgmJYrY1QWMrd05g,2:38:11
310,【寝かしつけ/囁き】みんなで2時までに寝ましょう♯８【よなが/#新人Vtuber】,https://youtube.com/watch?v=xWe-JwX7f2w,https://i.ytimg.com/vi/xWe-JwX7f2w/hqdefault.jpg?sqp=-oaymwEcCNACELwBSFXyq4qpAw4IARUAAIhCGAFwAcABBg==&rs=AOn4CLBssytQc-Pj9XkWthgbCIT9Ytio3Q,1:02:17
311,【レムレスブルーの午前2時 Part.3】僕は幽霊に恋をする。 【よなが/#新人Vtuber】,https://youtube.com/watch?v=9LmtPkv43L8,https://i.ytimg.com/vi/9LmtPkv43L8/hqdefault.jpg?sqp=-oaymwEcCNACELwBSFXyq4qpAw4IARUAAIhCGAFwAcABBg==&rs=AOn4CLA41V7bZUL5LqxTQDjJg6cbG3b1Ng,3:12:23
312,"【シャニマス＃５.５】め""い""ち""ゃ""ん""！！！Part.3【よなが/#新人Vtuber】",https://youtube.com/watch?v=3Db2lDZmWL0,https://i.ytimg.com/vi/3Db2lDZmWL0/hqdefault.jpg?sqp=-oaymwEcCNACELwBSFXyq4qpAw4IARUAAIhCGAFwAcABBg==&rs=AOn4CLAhIQPpkkCAzdaWkd9Cb3r0qpt5JA,2:55:08
313,【寝かしつけ/囁き】みんなで2時までに寝ましょう♯７【よなが/#新人Vtuber】,https://youtube.com/watch?v=SXa8qYLd6E8,https://i.ytimg.com/vi/SXa8qYLd6E8/hqdefault.jpg?sqp=-oaymwEcCNACELwBSFXyq4qpAw4IARUAAIhCGAFwAcABBg==&rs=AOn4CLCzkYXGEh08-rbzwNjWkMlDPDOPDw,1:03:25
314,【Dead by Daylight】週刊デッドバイデイライト【よなが/#新人Vtuber】,https://youtube.com/watch?v=-G7cGOJjz58,https://i.ytimg.com/vi/-G7cGOJjz58/hqdefault.jpg?sqp=-oaymwEcCNACELwBSFXyq4qpAw4IARUAAIhCGAFwAcABBg==&rs=AOn4CLAuvlincuMotEvN9XAvb9dnV4IDGw,1:46:22
315,【ざつだん】週のはじまり【よなが/#新人Vtuber】,https://youtube.com/watch?v=KwVwElk5DkA,https://i.ytimg.com/vi/KwVwElk5DkA/hqdefault.jpg?sqp=-oaymwEcCNACELwBSFXyq4qpAw4IARUAAIhCGAFwAcABBg==&rs=AOn4CLDsUnUVdEqBbrTPohpWzxzDLIk8sA,1:20:59
316,【シャニマス＃５】さかさまあさひさん！【よなが/#新人Vtuber】,https://youtube.com/watch?v=zszdC_4I9Ko,https://i.ytimg.com/vi/zszdC_4I9Ko/hqdefault.jpg?sqp=-oaymwEcCNACELwBSFXyq4qpAw4IARUAAIhCGAFwAcABBg==&rs=AOn4CLA3E5lrBAK0XeZ__MdUGA0oRFpaGg,3:25:23
317,【シャニマス＃４.５】めいちゃん！Part.2【よなが/#新人Vtuber】,https://youtube.com/watch?v=bFsaVarBbns,https://i.ytimg.com/vi/bFsaVarBbns/hqdefault.jpg?sqp=-oaymwEcCNACELwBSFXyq4qpAw4IARUAAIhCGAFwAcABBg==&rs=AOn4CLBPF6Gm_1j1wQ9XAxb587z_dMaLqw,2:34:52
318,【シャニマス＃４】めいちゃん！【よなが/#新人Vtuber】,https://youtube.com/watch?v=tCRzeijjd2c,https://i.ytimg.com/vi/tCRzeijjd2c/hqdefault.jpg?sqp=-oaymwEcCNACELwBSFXyq4qpAw4IARUAAIhCGAFwAcABBg==&rs=AOn4CLAuZHx5haLOHg8i_o3gUxA0wBm6sg,4:28:50
319,【寝かしつけ/囁き】みんなで2時までに寝ましょう♯６【よなが/#新人Vtuber】,https://youtube.com/watch?v=Iza4j7ddSzM,https://i.ytimg.com/vi/Iza4j7ddSzM/hqdefault.jpg?sqp=-oaymwEcCNACELwBSFXyq4qpAw4IARUAAIhCGAFwAcABBg==&rs=AOn4CLAV3Ab05gsogqL5X91zaTAvr_4lNA,1:03:55
320,【Dead by Daylight】なんのアプデが入ったんですか？【よなが/#新人Vtuber】,https://youtube.com/watch?v=kOFoptRsw-4,https://i.ytimg.com/vi/kOFoptRsw-4/hqdefault.jpg?sqp=-oaymwEcCNACELwBSFXyq4qpAw4IARUAAIhCGAFwAcABBg==&rs=AOn4CLB3YruD0ZudtIFsgEg8od6LZycPIw,1:51:06
321,【シャニマス＃３】イベントやりたいやりたい何したらいいかなTRUE研修？【よなが/#新人Vtuber】,https://youtube.com/watch?v=Pn33--WG-UU,https://i.ytimg.com/vi/Pn33--WG-UU/hqdefault.jpg?sqp=-oaymwEcCNACELwBSFXyq4qpAw4IARUAAIhCGAFwAcABBg==&rs=AOn4CLB3fDiImsdm8BZUyyUQcsu04_P0EA,4:29:33
322,【雑談】おはようにちようび【よなが/#新人Vtuber】,https://youtube.com/watch?v=OeoOGQX14XE,https://i.ytimg.com/vi/OeoOGQX14XE/hqdefault.jpg?sqp=-oaymwEcCNACELwBSFXyq4qpAw4IARUAAIhCGAFwAcABBg==&rs=AOn4CLBSzbCwlawcKY5PgZ9snKb_91a40w,1:14:50
323,【夏のホラー/死印】 “シルシ”ってうわさ、知ってる？＃１３【よなが/#新人Vtuber】,https://youtube.com/watch?v=DNiAvf_GpTo,https://i.ytimg.com/vi/DNiAvf_GpTo/hqdefault.jpg?sqp=-oaymwEcCNACELwBSFXyq4qpAw4IARUAAIhCGAFwAcABBg==&rs=AOn4CLClpE3tRuERGtkT8ZhLR0oL2sXjgg,2:12:56
324,【シャニマス＃２】いざプロデュース開始！【よなが/#新人Vtuber】,https://youtube.com/watch?v=M8b-5Li3Scs,https://i.ytimg.com/vi/M8b-5Li3Scs/hqdefault.jpg?sqp=-oaymwEcCNACELwBSFXyq4qpAw4IARUAAIhCGAFwAcABBg==&rs=AOn4CLCPYe175hvMn74RkR283CTCFmETDA,5:29:26
325,【寝かしつけ/囁き】みんなで2時までに寝ましょう♯5【よなが/#新人Vtuber】,https://youtube.com/watch?v=36NDygsuXHo,https://i.ytimg.com/vi/36NDygsuXHo/hqdefault.jpg?sqp=-oaymwEcCNACELwBSFXyq4qpAw4IARUAAIhCGAFwAcABBg==&rs=AOn4CLBIfgKy97NO6rSZn8sm5Ycp1eEBFA,1:11:39
326,【ポケモンユナイト】ヤドランのみみ【よなが/#新人Vtuber】,https://youtube.com/watch?v=OJAaxT3uPnk,https://i.ytimg.com/vi/OJAaxT3uPnk/hqdefault.jpg?sqp=-oaymwEcCNACELwBSFXyq4qpAw4IARUAAIhCGAFwAcABBg==&rs=AOn4CLDfgD261p8ltRAUtIuT0qbeldmiTw,1:17:30
327,【寝かしつけ/囁き】みんなで2時までに寝ましょう♯4【よなが/#新人Vtuber】,https://youtube.com/watch?v=gErA7m247-s,https://i.ytimg.com/vi/gErA7m247-s/hqdefault.jpg?sqp=-oaymwEcCNACELwBSFXyq4qpAw4IARUAAIhCGAFwAcABBg==&rs=AOn4CLBj5PSKAEGOAVEZ0GGQugB-YrTDrw,1:01:00
328,【夏のホラー/死印】 “シルシ”ってうわさ、知ってる？＃１２【よなが/#新人Vtuber】,https://youtube.com/watch?v=h-GcPwc2VAE,https://i.ytimg.com/vi/h-GcPwc2VAE/hqdefault.jpg?sqp=-oaymwEcCNACELwBSFXyq4qpAw4IARUAAIhCGAFwAcABBg==&rs=AOn4CLC7ipifgLa_U05Lg41fPTX0LD-S-w,3:18:47
329,【Dead by Daylight】DbDデッバイでどばい【よなが/#新人Vtuber】,https://youtube.com/watch?v=2G9achSgxas,https://i.ytimg.com/vi/2G9achSgxas/hqdefault.jpg?sqp=-oaymwEcCNACELwBSFXyq4qpAw4IARUAAIhCGAFwAcABBg==&rs=AOn4CLAvRLbwbRi_gkd049PUrHsvMJ6u1g,3:37:14
330,【#シャニマス】性癖に従ってプロデュース【よなが/#新人Vtuber】,https://youtube.com/watch?v=O_jZcDYngB4,https://i.ytimg.com/vi/O_jZcDYngB4/hqdefault.jpg?sqp=-oaymwEcCNACELwBSFXyq4qpAw4IARUAAIhCGAFwAcABBg==&rs=AOn4CLCsZsbGTUgL5RrBpCDtA3git6GnZg,5:13:06
331,【寝かしつけ/囁き】みんなで2時までに寝ましょう♯3【よなが/#新人Vtuber】,https://youtube.com/watch?v=L63r01kzAXo,https://i.ytimg.com/vi/L63r01kzAXo/hqdefault.jpg?sqp=-oaymwEcCNACELwBSFXyq4qpAw4IARUAAIhCGAFwAcABBg==&rs=AOn4CLD4vuCJ7c3vO6Dl4o4fj3nqtwyJOQ,1:05:09
332,【夏のホラー/死印】 “シルシ”って噂の番外編＃１１【よなが/#新人Vtuber】,https://youtube.com/watch?v=x6Q5CSaZyUs,https://i.ytimg.com/vi/x6Q5CSaZyUs/hqdefault.jpg?sqp=-oaymwEcCNACELwBSFXyq4qpAw4IARUAAIhCGAFwAcABBg==&rs=AOn4CLDUrg-pWjpYtLHpIENgrkGImURhFA,1:07:50
333,【寝かしつけ/囁き】みんなで2時までに寝ましょう【よなが/#新人Vtuber】,https://youtube.com/watch?v=0oUPWr-m5tE,https://i.ytimg.com/vi/0oUPWr-m5tE/hqdefault.jpg?sqp=-oaymwEcCNACELwBSFXyq4qpAw4IARUAAIhCGAFwAcABBg==&rs=AOn4CLC-LjJgpuaDlPqPB290ZuNHpVph7w,1:06:06
334,【夏のホラー/死印】 “シルシ”ってうわさ、知ってる？＃１０【よなが/#新人Vtuber】,https://youtube.com/watch?v=GrG0p4azNG8&t=4927s,https://i.ytimg.com/vi/GrG0p4azNG8/hqdefault.jpg?sqp=-oaymwEcCNACELwBSFXyq4qpAw4IARUAAIhCGAFwAcABBg==&rs=AOn4CLB_fisfe-QoG6DDc000vfhh_l7laA,3:20:50
335,【ざつだん】気づけばこんな時間なので【よなが/#新人Vtuber】,https://youtube.com/watch?v=bEjy37hRoOE,https://i.ytimg.com/vi/bEjy37hRoOE/hqdefault.jpg?sqp=-oaymwEcCNACELwBSFXyq4qpAw4IARUAAIhCGAFwAcABBg==&rs=AOn4CLCcP-SrqErsXcpfVmbLVFClupSEQA,3:06:28
336,【ポケモンユナイト/参加型】みんなであそんでみよう！【よなが/#新人Vtuber】,https://youtube.com/watch?v=nAUhTQFmzBs,https://i.ytimg.com/vi/nAUhTQFmzBs/hqdefault.jpg?sqp=-oaymwEcCNACELwBSFXyq4qpAw4IARUAAIhCGAFwAcABBg==&rs=AOn4CLD2_OJacY_rOvoHsrziUKuMQDu7Dw,2:17:23
337,【寝かしつけ】みんなで2時までに寝ましょう【よなが/#新人Vtuber】,https://youtube.com/watch?v=BgZZeeTi-Yc,https://i.ytimg.com/vi/BgZZeeTi-Yc/hqdefault.jpg?sqp=-oaymwEcCNACELwBSFXyq4qpAw4IARUAAIhCGAFwAcABBg==&rs=AOn4CLA9y3-SxvWwwf1zXqQcuXwLfQNQvQ,1:07:44
338,【ざつだん】真・アーカイブ残らない雑談【よなが/#新人Vtuber】,https://youtube.com/watch?v=W36SHMAAgfA,https://i.ytimg.com/vi/W36SHMAAgfA/hqdefault.jpg?sqp=-oaymwE2CNACELwBSFXyq4qpAygIARUAAIhCGAFwAcABBvABAfgB1AaAAuADigIMCAAQARhlIGUoZTAP&rs=AOn4CLB8DkT4ouE_mggUKlCrdvDvMY5u7g,1:32:37
339,【夏のホラー/死印】 “シルシ”ってうわさ、知ってる？＃９【よなが/#新人Vtuber】,https://youtube.com/watch?v=qrnMzym8fw0,https://i.ytimg.com/vi/qrnMzym8fw0/hqdefault.jpg?sqp=-oaymwEcCNACELwBSFXyq4qpAw4IARUAAIhCGAFwAcABBg==&rs=AOn4CLDKHf996OQkrvxLqp1pGrfC_yW3MA,1:43:51
340,【OverWatch/参加型】はじめてのOW【よなが/#新人Vtuber】,https://youtube.com/watch?v=UrYkPK9Fcvw,https://i.ytimg.com/vi/UrYkPK9Fcvw/hqdefault.jpg?sqp=-oaymwEcCNACELwBSFXyq4qpAw4IARUAAIhCGAFwAcABBg==&rs=AOn4CLCYiCYANq4Dqx69Ceszn_kTIsNXYw,1:55:51
341,【夏のホラー/死印】 “シルシ”ってうわさ、知ってる？＃８【よなが/#新人Vtuber】,https://youtube.com/watch?v=pcADEeDKjlc,https://i.ytimg.com/vi/pcADEeDKjlc/hqdefault.jpg?sqp=-oaymwEcCNACELwBSFXyq4qpAw4IARUAAIhCGAFwAcABBg==&rs=AOn4CLDKR6g7zfGef1tyt9lbSeO5MjjKmg,3:18:36
342,【Apex Legends】どうしても少しAPEXがやりたかった僕【よなが/#新人Vtuber】,https://youtube.com/watch?v=pSvkVrjIXeQ,https://i.ytimg.com/vi/pSvkVrjIXeQ/hqdefault.jpg?sqp=-oaymwEcCNACELwBSFXyq4qpAw4IARUAAIhCGAFwAcABBg==&rs=AOn4CLADg3Jivl5bwDlkOe2G7BhubrxiYA,1:42:27
343,【ざつだん】金曜の夜にだらだらしましょう【よなが/#新人Vtuber】,https://youtube.com/watch?v=VuoIUPWYCYY&t=1s,https://i.ytimg.com/vi/VuoIUPWYCYY/hqdefault.jpg?sqp=-oaymwEcCNACELwBSFXyq4qpAw4IARUAAIhCGAFwAcABBg==&rs=AOn4CLCP24bdXi11ADccGIc_52STiG6aQw,5:45:11
344,【ざつだん】よるざつだん【よなが/#新人Vtuber】,https://youtube.com/watch?v=w6fY1UnWBh4&t=5s,https://i.ytimg.com/vi/w6fY1UnWBh4/hqdefault.jpg?sqp=-oaymwEcCNACELwBSFXyq4qpAw4IARUAAIhCGAFwAcABBg==&rs=AOn4CLCGSle0oL2Col3KRi1GmAdv_VuyGA,1:38:51
345,【ざつだん】 こっそり【よなが/#新人Vtuber】,https://youtube.com/watch?v=FoXVIQ8jy4s,https://i.ytimg.com/vi/FoXVIQ8jy4s/hqdefault.jpg?sqp=-oaymwEcCNACELwBSFXyq4qpAw4IARUAAIhCGAFwAcABBg==&rs=AOn4CLBU08FkxfI3MjV2kTpTIOtHIL2sEA,1:26:42
346,【夏のホラー/死印】 “シルシ”ってうわさ、知ってる？＃7【よなが/#新人Vtuber】,https://youtube.com/watch?v=SwKGiFDM3kE,https://i.ytimg.com/vi/SwKGiFDM3kE/hqdefault.jpg?sqp=-oaymwEcCNACELwBSFXyq4qpAw4IARUAAIhCGAFwAcABBg==&rs=AOn4CLA8_Ir2nx_-OxxsHJLJWmNDcB4oPA,1:44:50
347,【Dead by Daylight】ちょっと【よなが/#新人Vtuber】,https://youtube.com/watch?v=snWavJQLgtw,https://i.ytimg.com/vi/snWavJQLgtw/hqdefault.jpg?sqp=-oaymwEcCNACELwBSFXyq4qpAw4IARUAAIhCGAFwAcABBg==&rs=AOn4CLBedBqlT_KqSOQhgwwYSWQAp76WnA,2:47:43
348,【ざつだん】 おはようございます【よなが/#新人Vtuber】,https://youtube.com/watch?v=XOg_QiMGNVc&t=2s,https://i.ytimg.com/vi/XOg_QiMGNVc/hqdefault.jpg?sqp=-oaymwEcCNACELwBSFXyq4qpAw4IARUAAIhCGAFwAcABBg==&rs=AOn4CLBX-YONXMbye78zt5FbvBbGJynO2A,1:57:15
349,【1カ月ありがとう/歌枠】 この歌が届きますように【よなが/#新人Vtuber】,https://youtube.com/watch?v=kvVLLJMg3N8&t=4s,https://i.ytimg.com/vi/kvVLLJMg3N8/hqdefault.jpg?sqp=-oaymwEcCNACELwBSFXyq4qpAw4IARUAAIhCGAFwAcABBg==&rs=AOn4CLB9mrGpwZYpZkqDIH-H6iVJjeSBrA,2:08:02
350,【夏のホラー/死印】 “シルシ”ってうわさ、知ってる？＃６【よなが/#新人Vtuber】,https://youtube.com/watch?v=0AY9tWueppM,https://i.ytimg.com/vi/0AY9tWueppM/hqdefault.jpg?sqp=-oaymwEcCNACELwBSFXyq4qpAw4IARUAAIhCGAFwAcABBg==&rs=AOn4CLDmrhcoVxP5L_SVOyx0t_wYD6E8hg,1:42:22
351,【ざつだん】 少しだけ【よなが/#新人Vtuber】,https://youtube.com/watch?v=0KfH47NtI5Y&t=6s,https://i.ytimg.com/vi/0KfH47NtI5Y/hqdefault.jpg?sqp=-oaymwEcCNACELwBSFXyq4qpAw4IARUAAIhCGAFwAcABBg==&rs=AOn4CLC24sgU9x-8cBmFwbIZNJ3s2ncaEg,1:49:49
352,【夏のホラー/死印】 “シルシ”ってうわさ、知ってる？＃５【よなが/#新人Vtuber】,https://youtube.com/watch?v=Gj-DSPnZSio,https://i.ytimg.com/vi/Gj-DSPnZSio/hqdefault.jpg?sqp=-oaymwEcCNACELwBSFXyq4qpAw4IARUAAIhCGAFwAcABBg==&rs=AOn4CLBYj7YCNC-bvZC12wEXQhSvOO_0lQ,2:18:33
353,【夏のホラー/Ib】美術館にでも行こうか 【よなが/#新人Vtuber】,https://youtube.com/watch?v=Qio6oUL5IvM,https://i.ytimg.com/vi/Qio6oUL5IvM/hqdefault.jpg?sqp=-oaymwEcCNACELwBSFXyq4qpAw4IARUAAIhCGAFwAcABBg==&rs=AOn4CLCGseACaImghaZnDZIQEn0l0uCODA,3:26:34
354,【夏のホラー/看病がかり】今日はどうされましたか？ 【よなが/#新人Vtuber】,https://youtube.com/watch?v=1CQ-92DBrAE,https://i.ytimg.com/vi/1CQ-92DBrAE/hqdefault.jpg?sqp=-oaymwEcCNACELwBSFXyq4qpAw4IARUAAIhCGAFwAcABBg==&rs=AOn4CLB8A7aPolBlBw9fK-bSkLZP2w82UA,1:16:03
355,【レムレスブルーの午前2時 Part.2】僕は幽霊に恋をする。 【よなが/#新人Vtuber】,https://youtube.com/watch?v=RHQoZ8OU3-w,https://i.ytimg.com/vi/RHQoZ8OU3-w/hqdefault.jpg?sqp=-oaymwEcCNACELwBSFXyq4qpAw4IARUAAIhCGAFwAcABBg==&rs=AOn4CLAdxZngkv1nX0TbmNGUhPYM1nIlaQ,3:12:29
356,【レムレスブルーの午前2時】僕は幽霊に恋をする。【よなが/#新人Vtuber】,https://youtube.com/watch?v=nGkwloiuSr8,https://i.ytimg.com/vi/nGkwloiuSr8/hqdefault.jpg?sqp=-oaymwEcCNACELwBSFXyq4qpAw4IARUAAIhCGAFwAcABBg==&rs=AOn4CLA_uP_7QWfp9E9mP3kJvpFgc-tZXA,3:27:31
357,【ポケモンユナイト】 初心者わいわいお勉強会です。【よなが/#新人Vtuber】,https://youtube.com/watch?v=_xfa32zzQFA,https://i.ytimg.com/vi/_xfa32zzQFA/hqdefault.jpg?sqp=-oaymwEcCNACELwBSFXyq4qpAw4IARUAAIhCGAFwAcABBg==&rs=AOn4CLAGQr6Zv33mbqiskI-b7UCyRdD9jg,3:08:37
358,【夏のホラー/魔女の家】 ここが有名なお家ですか？【よなが/#新人Vtuber】,https://youtube.com/watch?v=2hBruPeBiyc,https://i.ytimg.com/vi/2hBruPeBiyc/hqdefault.jpg?sqp=-oaymwEcCNACELwBSFXyq4qpAw4IARUAAIhCGAFwAcABBg==&rs=AOn4CLCT7nTbYTEJn2zhgGIsOFkgqOAAIQ,2:28:12
359,【夏のホラー/死印】 “シルシ”ってうわさ、知ってる？＃４【よなが/#新人Vtuber】,https://youtube.com/watch?v=tonXnwuCVWc,https://i.ytimg.com/vi/tonXnwuCVWc/hqdefault.jpg?sqp=-oaymwEcCNACELwBSFXyq4qpAw4IARUAAIhCGAFwAcABBg==&rs=AOn4CLDh-vW50eMFn0qrVNHeBkH2tsXKSw,2:36:59
360,【夏のホラー/犬鳴トンネル】よなさんぽ 【よなが/#新人Vtuber】,https://youtube.com/watch?v=4Y3UZJ75f3g,https://i.ytimg.com/vi/4Y3UZJ75f3g/hqdefault.jpg?sqp=-oaymwEcCNACELwBSFXyq4qpAw4IARUAAIhCGAFwAcABBg==&rs=AOn4CLAv7Q4yhImBKif6eVfdg2EpKqIGJw,2:46:49
361,【ざつだん】 お酒飲みながら【よなが/#新人Vtuber】,https://youtube.com/watch?v=1z2dsvm-qQ0,https://i.ytimg.com/vi/1z2dsvm-qQ0/hqdefault.jpg?sqp=-oaymwEcCNACELwBSFXyq4qpAw4IARUAAIhCGAFwAcABBg==&rs=AOn4CLCySBbp-PDeVEGgoVRHDLFPxMckqA,4:14:06
362,【夏のホラー/死印】 “シルシ”ってうわさ、知ってる？＃３【よなが/#新人Vtuber】,https://youtube.com/watch?v=CPSYV0heHwM,https://i.ytimg.com/vi/CPSYV0heHwM/hqdefault.jpg?sqp=-oaymwEcCNACELwBSFXyq4qpAw4IARUAAIhCGAFwAcABBg==&rs=AOn4CLDJbyeJbZUVU1DBz23082ToDCRm3Q,2:56:25
363,【夏のホラー/死印】 “シルシ”ってうわさ、知ってる？＃２【よなが/#新人Vtuber】,https://youtube.com/watch?v=8jEhu7kPrEA,https://i.ytimg.com/vi/8jEhu7kPrEA/hqdefault.jpg?sqp=-oaymwEcCNACELwBSFXyq4qpAw4IARUAAIhCGAFwAcABBg==&rs=AOn4CLBjCNEIG-3Or4Ex8FGL67pZRhqqpA,2:03:45
364,【Apex Legends/参加型】お久しぶりです。【よなが/#新人Vtuber】,https://youtube.com/watch?v=d8uS7vXqIGc&t=2787s,https://i.ytimg.com/vi/d8uS7vXqIGc/hqdefault.jpg?sqp=-oaymwEcCNACELwBSFXyq4qpAw4IARUAAIhCGAFwAcABBg==&rs=AOn4CLChgvUDi-ndLgNdv8B1k5MUugxZjw,3:00:19
365,【Dead by Daylight】おいかけっこしよう。【よなが/#新人Vtuber】,https://youtube.com/watch?v=XUHuNY1Kmkc,https://i.ytimg.com/vi/XUHuNY1Kmkc/hqdefault.jpg?sqp=-oaymwEcCNACELwBSFXyq4qpAw4IARUAAIhCGAFwAcABBg==&rs=AOn4CLBB6cEQNX_iOI5xohQ982JF3oA5nA,4:07:22
366,【ざつだん】 もう7月も終わるね。【よなが/#新人Vtuber】,https://youtube.com/watch?v=hRgBslUYnFg,https://i.ytimg.com/vi/hRgBslUYnFg/hqdefault.jpg?sqp=-oaymwEcCNACELwBSFXyq4qpAw4IARUAAIhCGAFwAcABBg==&rs=AOn4CLDIGZ_0YXEzwHxSPu2bmqB1pk4R9g,2:29:49
367,【夏のホラー/死印】 “シルシ”ってうわさ、知ってる？＃１【よなが/#新人Vtuber】,https://youtube.com/watch?v=qNrI5QwluMw,https://i.ytimg.com/vi/qNrI5QwluMw/hqdefault.jpg?sqp=-oaymwEcCNACELwBSFXyq4qpAw4IARUAAIhCGAFwAcABBg==&rs=AOn4CLBdlzsIs2UsfGVKmxOG3Ar7x9L6xg,2:40:29
368,【初配信】はじめまして、よながです【#新人Vtuber】,https://youtube.com/watch?v=k90WkVau8gY&t=246s,https://i.ytimg.com/vi/k90WkVau8gY/hqdefault.jpg?sqp=-oaymwEcCNACELwBSFXyq4qpAw4IARUAAIhCGAFwAcABBg==&rs=AOn4CLDfZ8MQlQbAirVGb5fbnU1FB1qmEw,2:05:57
